"y","level","x1","x2","D1","D2","D3","V1"
0,9,3.82058375255122,-0.748555437145412,0,1,1,"C"
1,8,2.45233856400224,-0.906110698361128,1,1,0,"A"
1,6,2.22858343212268,-0.772523086664745,0,1,0,"B"
0,4,2.90478085826754,4.03772432047516,1,0,1,"B"
1,5,2.96116141507241,-1.33558898291341,0,1,1,"A"
1,5,2.76555081568549,-0.234854969714192,1,0,1,"B"
0,10,4.36072710059366,2.77032091119638,0,0,0,"C"
1,5,2.34650953273572,-1.31139439447418,1,1,0,"A"
1,1,3.39661438497418,-0.310267071192654,0,1,1,"B"
0,7,2.6326851083116,-0.265103051162624,1,0,1,"C"
1,6,3.57520607649566,-0.835443748018151,1,1,0,"A"
1,4,1.98577285238581,-1.44129019959167,1,1,1,"C"
1,7,3.94637666938784,-0.0579483593775682,0,0,1,"B"
0,8,5.58660536905977,1.7312162369388,1,0,1,"C"
1,2,2.61700924764183,2.40843346841226,0,1,0,"A"
1,3,2.55162641054764,0.331901640077844,1,1,0,"B"
0,5,5.66038727226136,4.23997671849226,1,0,0,"C"
0,3,2.90638280900393,0.00776722638662175,1,0,0,"A"
1,8,2.24553287092702,-1.20580445400999,0,1,1,"B"
0,6,4.64014703474386,2.60916922953967,1,0,1,"B"
0,10,6.66792772644287,4.85934179496807,1,0,1,"C"
1,3,0.963440129175933,-1.06736740468606,1,1,0,"A"
0,1,3.90372866906699,3.25399559637874,1,0,1,"A"
1,1,4.28148239396582,0.66515387635229,0,1,1,"A"
1,3,5.54128451873751,-0.553748658914607,1,0,1,"A"
1,7,3.51098068996326,6.07226505943554,1,0,1,"C"
0,8,4.68578271900595,3.3558421854884,1,0,1,"C"
1,4,3.78737966437906,0.561148869200977,1,1,1,"A"
1,4,4.64363761580901,0.604253272623222,0,1,1,"B"
0,6,5.82083510890207,2.67851731588067,1,1,1,"B"
0,4,4.4681532022446,0.339378200000443,1,0,1,"C"
0,10,3.76921248560679,0.883639786430901,0,0,1,"A"
1,6,5.55877438990943,2.67788090398549,0,0,1,"A"
0,4,3.74315212452897,0.299273382037519,1,1,0,"C"
1,7,3.72127537979882,3.64193056090528,1,0,1,"B"
0,1,5.67433072059871,-0.765877986164039,0,0,0,"B"
1,1,3.11782449370912,-0.604002552141443,1,0,1,"A"
0,10,2.75430479665693,2.99223928497721,1,0,1,"B"
1,4,4.69598154821686,3.17969276617965,1,0,1,"B"
1,5,4.04465865745224,-0.463334794756009,0,1,0,"A"
1,3,5.7767621627195,1.27585554360466,0,0,1,"A"
0,8,6.08871620126213,1.80612549835638,1,0,1,"B"
1,7,4.90817252925927,4.34204925605106,1,0,1,"C"
0,9,5.08525798130921,2.78493017512894,1,0,0,"B"
0,8,6.26454334733325,5.4011126205262,1,1,1,"B"
1,1,1.39424915717786,-0.166650476732414,1,1,0,"A"
0,3,4.39341822225053,3.58351559254174,1,0,1,"B"
0,9,3.88178441880764,2.22766930434927,1,0,1,"B"
1,8,4.66353569380426,3.88212430656041,0,0,0,"B"
1,6,1.41534331074108,1.11697372703543,1,1,0,"A"
0,5,1.82535538474474,-0.309075825267199,0,0,0,"A"
1,2,3.38829010348721,-0.922553859657113,0,1,1,"C"
1,9,2.4537105305355,-2.36561762901541,0,1,1,"A"
0,2,3.68097827239571,-1.08146497874099,1,0,0,"B"
1,2,2.92611129725451,-1.70737996274868,0,1,0,"A"
0,10,5.74746090447251,3.93347952180943,1,0,1,"C"
0,9,5.40088463106275,0.978286229610773,0,1,0,"C"
1,7,2.43864703211107,0.648890792259018,1,1,0,"B"
1,1,2.37567667661117,1.0557765831457,1,1,0,"A"
1,1,4.86641611636175,3.6845111799941,1,0,1,"A"
0,7,3.21374439896274,2.48680650388355,1,1,1,"A"
1,4,5.68332302474792,4.42471744805216,1,0,1,"B"
0,3,5.44492041146937,4.55787820743151,1,0,1,"A"
1,6,4.27885801897031,3.11380846406174,1,0,1,"B"
1,3,2.87451048437416,0.198339990440575,0,1,0,"B"
1,10,2.99198130185061,0.445323215208127,1,1,0,"A"
0,1,4.57135762211392,1.00624577473647,0,0,1,"C"
1,10,2.61659432102536,-0.436847397276171,0,0,1,"A"
1,8,3.35036462136539,0.546415789871186,0,1,1,"B"
0,10,1.03416371328972,0.0465932727866529,1,0,0,"A"
0,3,5.57445276265608,-0.173739803287843,0,1,1,"B"
1,4,2.75880779662966,0.15062031864,0,1,1,"B"
1,1,4.48247547815289,4.10100168771052,1,0,1,"A"
0,6,4.15987842656057,2.49194618750457,1,0,1,"B"
0,2,3.94090221690681,-0.44747625491988,1,0,1,"C"
0,10,2.72904114327598,0.665293460193282,1,0,0,"B"
0,4,4.81482885500324,0.586584289163883,1,0,1,"A"
1,10,4.86291445365786,1.13714163408589,0,1,1,"B"
0,5,4.73877176381881,-0.559277908821483,0,1,0,"A"
0,1,3.99052183935303,1.24677192448611,0,1,0,"A"
0,4,4.39730432878005,2.24354220957349,0,1,1,"C"
1,10,2.47536162843368,-2.17625481737981,1,0,1,"C"
0,7,3.86887754792294,0.458571945143951,1,0,0,"C"
0,8,5.50166272911014,1.56209904061818,0,0,0,"A"
1,2,2.44662875817876,1.04078362319087,1,1,0,"C"
1,7,3.72789033026895,2.74955772447652,1,0,1,"B"
1,1,4.87908702185146,3.88922443643425,1,0,1,"B"
1,10,2.68418144729466,-1.74869640720458,0,1,1,"B"
0,10,4.39539115094878,4.11350623947982,1,0,1,"B"
1,3,3.88373710183758,-0.254101743401155,1,0,1,"B"
1,8,5.32095338832532,4.4676561929783,1,0,1,"A"
1,3,3.82551563715117,0.204254907222714,0,1,1,"B"
0,3,2.3876555577943,1.21936112441373,0,0,0,"B"
0,2,2.15654653178366,0.732741455726719,1,0,1,"B"
0,2,4.58065474912512,3.50105711964869,1,0,1,"B"
0,5,4.08798542854962,0.341154836988337,1,0,1,"B"
0,6,2.93072569560669,1.72418067398023,0,0,1,"B"
0,5,2.7126515975321,1.4172630526512,1,0,0,"A"
1,4,2.53937246521673,0.112817879542967,0,1,1,"C"
0,10,3.42920934416676,0.59621927043684,1,0,1,"B"
1,6,4.46970735529628,-0.00948473760321245,1,0,1,"B"
0,5,3.81152362603684,-0.411697399109448,1,0,1,"B"
1,6,3.60825377163476,-0.061039556862911,1,0,1,"B"
0,3,5.74024470992305,0.0114618052387719,1,0,1,"B"
0,2,1.16464779666702,0.379505019174134,0,0,1,"A"
0,4,1.2993774989292,-1.04980620383642,1,0,1,"A"
1,4,4.64845462411288,0.470710856977092,1,0,1,"B"
0,4,4.58038131377601,3.01762456575877,1,1,1,"B"
0,4,5.75483069069486,1.41268331594926,1,0,1,"A"
1,10,0.839455123055337,-0.911099705050587,1,1,0,"A"
1,7,1.24612016272752,0.100893836453571,1,1,0,"C"
1,2,1.12160269556036,0.641269635497338,1,1,0,"A"
1,2,5.17824405107118,3.51194654683994,0,1,0,"B"
0,6,2.87976822367729,2.00557394362498,0,0,0,"A"
1,10,4.43668954804199,2.67736923048511,0,1,1,"B"
1,1,4.57931801933308,0.93318231683095,0,1,1,"B"
1,9,5.45306496456956,1.80775427097044,0,1,1,"B"
0,10,4.23144526801183,0.781935483752659,1,0,1,"B"
1,2,4.52565947623449,3.38266025653947,1,1,1,"B"
1,5,4.50578578711342,3.90457242660766,1,0,0,"B"
1,8,4.10151770554506,-1.35620507924917,0,1,0,"B"
0,10,3.23995297216641,0.444189603113396,1,1,0,"A"
1,2,5.17023908046074,4.24790095771203,1,0,1,"B"
1,7,3.52020816536284,-0.976321816823286,0,1,0,"B"
1,4,3.93951593970222,2.99883386411107,0,0,1,"B"
0,5,4.47685025102848,2.98718341402776,0,0,0,"B"
0,10,5.33832159660038,1.66656650846177,1,0,1,"B"
0,4,5.6574473404229,4.97514830055129,1,0,1,"A"
0,4,3.46499059761278,0.198457169059606,1,0,1,"B"
0,10,5.41327719815027,4.59034472390505,1,1,1,"B"
1,9,5.89379279253335,3.68701604534974,1,0,1,"B"
0,5,3.11017720026364,-0.639460432620874,0,0,1,"B"
0,10,4.0484758422543,2.61222690586445,1,0,1,"B"
1,8,3.73863050971013,3.98899489727746,0,1,1,"A"
0,9,0.711362025465269,-1.82634185491068,1,1,0,"B"
0,6,4.76531081018831,0.337122563546658,1,0,0,"B"
0,4,5.98937923693965,3.36464718437225,1,0,1,"B"
0,2,3.99050917894477,2.24054395234457,1,0,1,"B"
1,2,0.31198820366769,-1.32183541105081,1,1,0,"A"
1,3,4.62943079643642,4.23468623530056,1,0,1,"B"
1,10,4.46893188966046,0.61329149998217,0,0,1,"B"
0,7,2.81593875704193,-0.522333743697154,1,1,0,"B"
0,6,1.51376758540707,-1.31205334817519,0,0,1,"A"
1,6,2.21293591171241,0.91537396579707,1,1,1,"C"
1,2,6.27126230424831,0.723996150845772,0,1,1,"B"
1,9,4.30604601410047,-0.79082980442102,0,0,1,"B"
1,4,3.0588729262286,-1.47080802391897,0,1,1,"B"
0,3,4.20094347151885,1.09343508420846,1,0,1,"C"
1,8,3.42349836074717,4.89086602749914,1,1,1,"C"
0,9,2.75744257304447,-0.896626657188559,1,1,0,"A"
0,9,4.34729756349808,0.602507135464081,0,1,0,"A"
1,8,4.74944165556027,0.807306084221389,0,1,1,"A"
0,2,4.84251182696082,-0.334439920009404,1,0,1,"B"
1,9,2.89934415844823,3.76375378783034,1,0,1,"B"
1,3,2.18866378620394,0.614134433808728,1,1,0,"A"
1,7,3.70386952544593,0.457894374013862,0,0,0,"A"
0,3,4.20371924349847,0.688013367534477,0,1,0,"C"
1,10,4.0006052453776,0.489582677647233,1,1,0,"A"
1,2,4.00505088186589,-0.307806686852574,0,1,1,"A"
1,7,4.27153299268747,0.839227330777931,0,1,1,"B"
0,7,3.77942296466429,0.221898970222646,1,0,1,"A"
1,3,5.05709763728042,3.65473022055315,1,0,1,"B"
1,8,3.84548782449694,-1.30890125113149,0,1,0,"B"
1,6,4.97204357343879,4.84774880944406,1,1,1,"C"
1,4,5.66081455475172,3.83311819767638,0,1,1,"B"
1,1,4.45623082379597,-0.479501717988287,0,1,1,"B"
0,2,2.34806689006796,-0.960844995848914,1,0,0,"B"
1,4,5.34757195962518,1.65110629739096,0,1,1,"B"
0,6,1.36559440637191,-1.7317543657419,1,1,0,"A"
0,7,4.72050281369987,4.61097579602919,1,1,1,"B"
1,6,3.0229862002704,-0.893513612724926,0,1,0,"C"
1,1,0.938016963713264,-2.11466413716019,1,1,0,"B"
1,6,3.1732007504041,-0.542430507400684,0,1,1,"C"
1,1,2.45632459347584,-1.02742661956957,1,1,0,"A"
1,5,5.55465389558733,-0.188955603846433,0,1,1,"A"
0,2,5.43210889820167,4.15751303656011,1,0,1,"B"
1,3,4.66537331414756,-1.30164644120529,0,1,1,"B"
1,9,1.151045026558,0.234055498279088,1,1,0,"A"
0,3,5.63444996385131,2.75654729475801,1,0,0,"B"
1,1,5.02617315666886,4.12736003706946,1,0,1,"B"
0,9,2.65358368449575,2.64859096864293,1,0,1,"B"
0,7,3.36840106538019,2.84472130378567,1,0,1,"A"
1,1,2.38532373872528,1.48799906458867,1,1,0,"B"
0,1,5.09613895923829,0.813191122344419,0,0,0,"B"
0,9,3.24556927941655,3.12391709212891,1,1,0,"B"
0,1,2.71765706254017,0.240242903667024,0,0,0,"A"
0,10,3.66586156397631,3.33410796742885,1,0,1,"C"
1,3,1.14390061558979,-0.225426486311662,0,1,0,"A"
0,8,4.5926121683381,2.760435460304,0,1,0,"B"
1,6,4.04414195066014,3.93927075417022,0,0,1,"B"
0,4,3.4457649068657,1.07950401533608,1,0,1,"A"
0,2,1.28832967738514,0.800922325552023,0,0,0,"A"
0,3,4.00549559363118,3.87841838268116,1,0,1,"B"
1,5,3.03709745227009,-0.589984332171234,0,1,0,"B"
0,7,4.25463496298021,3.55220178983096,1,0,1,"C"
0,1,3.06517863464697,2.82203756285148,1,0,0,"B"
1,4,3.68240246914321,-0.658751377622092,1,0,1,"B"
1,9,4.27059598030425,-0.756516068975409,0,1,1,"A"
0,7,3.56989471726297,-0.627045324961218,1,0,1,"B"
0,4,3.04883750609437,-0.16404304257465,1,0,0,"A"
1,3,4.19479764824168,0.49475475730145,1,0,1,"B"
1,1,3.76233497854815,-0.524709854437619,0,1,1,"B"
0,10,3.19954106475284,1.89978860133997,1,1,1,"B"
1,1,4.78513127288931,1.21756357208189,0,1,1,"C"
1,7,5.1803370452867,0.870358448250856,1,0,1,"C"
0,1,3.75152241988806,-0.620304966360383,0,0,0,"B"
1,5,2.33890784541487,1.20494284579365,1,1,0,"A"
1,8,1.31602556477485,0.625506507621486,1,0,0,"A"
0,5,3.96077598946027,2.83270126867245,1,0,1,"B"
0,10,3.31502576246002,-1.77298409324443,1,0,1,"B"
1,10,3.02644211212438,-0.488606982063486,0,0,1,"B"
0,9,5.46986535742226,4.81481063321203,1,0,1,"B"
1,9,4.80382146315258,3.10541127541449,1,0,1,"C"
0,3,6.11537531343218,4.96452190931271,1,0,1,"A"
0,6,2.74671893204466,0.0921940326632699,1,1,0,"A"
1,5,3.14215858603605,3.9893159485476,1,0,1,"A"
1,3,2.98764068879627,1.23395264285392,1,1,0,"C"
0,9,3.18925950281758,3.14875584203176,1,0,1,"B"
0,4,0.690675225918168,-1.86947594172645,1,1,1,"B"
0,5,5.1448894947621,3.7785725744351,1,0,1,"B"
0,1,3.59723562051411,0.489152215185693,0,0,0,"B"
0,4,1.74875723637986,-0.120973343190478,0,1,0,"B"
0,5,1.41362122474134,-0.658142231810742,0,1,1,"B"
0,9,3.4511152199087,1.92104855156422,1,1,0,"A"
1,4,-0.0389215932928129,-1.64492137052725,1,1,0,"A"
1,1,4.00741472188977,1.42702369273868,0,1,1,"A"
1,10,2.41494781044472,-0.113040953705888,1,1,0,"A"
1,4,3.53958167707554,-0.230035166743536,0,1,1,"B"
1,3,3.38393407381561,-0.669752140882265,0,1,1,"A"
1,8,4.69229486698007,1.33531837776131,0,1,1,"B"
0,5,4.74692364210281,0.48265465709922,1,0,1,"C"
0,9,3.1852992542368,-0.777478088117478,0,1,1,"A"
0,6,4.2286487939946,3.80996390796287,1,0,1,"A"
0,6,1.47932630752332,-1.87012231644617,0,1,0,"A"
1,2,4.77319507947615,3.05185395445788,0,0,0,"B"
1,1,3.98640360696171,-1.05490461116023,0,1,0,"B"
0,5,3.67645984496789,-0.836070886869695,0,1,0,"A"
1,1,1.58948878877169,0.986744591953176,1,1,0,"A"
1,6,4.91420464996479,0.0186024754372766,1,0,1,"B"
0,10,4.08498228784548,-0.384088254506112,0,0,0,"B"
1,1,2.8688576124897,-0.795769862234863,0,1,1,"B"
0,5,4.8697380349,-0.0699726406365691,1,0,1,"B"
0,5,5.79978839241777,1.44723555171593,1,0,1,"A"
1,9,2.53028193398954,-0.0980674253817681,1,1,0,"C"
0,1,3.51855036521161,-0.464478401040883,1,1,0,"B"
1,8,2.00985226535836,-0.728685631961157,1,0,1,"A"
1,5,3.7297837191525,0.53049562045529,0,1,1,"A"
0,8,6.97203878151621,2.03814160772234,0,1,1,"A"
0,10,2.72154672396379,1.96015844459438,1,0,0,"C"
0,5,5.38074974967036,4.64313911583011,1,1,1,"B"
1,7,3.55313340482321,0.738429328725012,0,1,1,"B"
1,10,4.30577440612732,1.06621474010252,0,1,1,"A"
0,1,3.05018640597464,-0.507904422029176,0,0,1,"C"
0,3,0.715029617918211,-1.79306576545756,1,0,0,"A"
1,3,2.51613683333032,-0.121659054555997,0,1,0,"A"
1,9,4.42607514816193,3.24897892037674,0,1,0,"B"
1,6,1.06730406682551,-0.781285163362209,1,1,0,"A"
1,3,1.9950579746936,0.245651601502013,0,1,1,"B"
1,6,2.33028358612172,-0.553230913177088,0,1,1,"C"
0,2,2.38864631766351,0.293811945213923,1,0,1,"C"
1,5,3.27923510426245,0.0926696322567375,1,0,1,"B"
1,4,5.4635256174958,0.941641070134587,0,1,1,"B"
0,7,5.00544897712745,0.581513857127705,1,0,1,"A"
0,2,2.41494441399107,0.3472318661746,0,0,0,"A"
0,10,5.34264164707593,1.05450599226253,1,1,1,"B"
0,10,2.73175666599394,3.21296459382444,1,0,1,"B"
1,4,3.9152797232703,0.274133035726246,0,0,1,"B"
1,1,1.28147644131739,-0.658756594501703,1,0,0,"A"
1,8,1.25396459092045,-0.586138400864184,1,1,0,"B"
1,10,-0.204153866708303,-3.150408322306,1,1,0,"C"
1,7,3.14796441737066,1.10452870612362,1,1,0,"A"
0,4,1.25102742545143,-0.607266759507324,1,1,0,"B"
1,9,3.57404597202488,3.38227866371284,1,1,1,"B"
0,7,5.3125284841331,1.12968362521389,0,1,1,"C"
0,10,3.32315231847146,5.45609110065817,1,0,1,"B"
0,5,3.31511526653272,2.13390496849562,1,0,1,"A"
1,6,3.69070575400241,-0.405671580202814,0,1,1,"C"
0,7,2.27023028606792,2.18140381943873,1,0,1,"C"
0,4,4.86600800570957,0.194657360211534,0,1,1,"A"
0,10,3.22479666246718,-0.100700626681998,1,0,0,"C"
0,1,5.10176772655576,1.46848905364585,0,1,0,"B"
1,6,3.14898310620535,-0.450909123759132,0,1,1,"A"
1,8,5.5840894328531,3.3761929023142,1,0,1,"A"
0,9,4.03455212492472,1.00587051099676,1,1,1,"B"
1,4,3.63447741523105,-0.0820621055052956,0,1,1,"B"
1,10,4.93248317110068,4.53798442403555,1,0,1,"B"
0,3,4.61144294483833,2.04536397363885,0,1,0,"C"
0,8,3.60208423076705,1.82895547445272,1,0,1,"B"
0,8,3.87696302695835,-1.43828659873446,1,0,0,"A"
0,6,4.12310637665892,0.447269186776337,0,1,0,"A"
1,3,2.63363685720007,0.189880217250379,0,0,0,"C"
1,10,0.934389727023414,-1.51327908462823,1,1,0,"A"
1,6,6.46294555968056,1.20524509327801,0,1,1,"C"
1,3,4.16847706877166,3.64730964077273,1,0,1,"B"
0,7,4.0776685465063,-0.85790795005507,0,1,0,"A"
0,5,3.6006333147805,-0.569969707540507,1,0,1,"A"
0,9,3.80984530319695,-0.671203777704046,1,0,1,"B"
0,5,3.63171407741297,2.84580362739441,1,0,1,"B"
0,6,4.82408610601106,3.43970516012113,1,0,1,"C"
1,6,4.84954425295233,0.0293791583425468,0,1,1,"B"
1,2,4.4808286050946,3.83535401160733,1,0,0,"C"
1,5,0.793111101578128,-0.405983943128145,1,1,0,"A"
0,1,4.77778398534295,4.76174276029155,1,0,0,"A"
1,8,2.57914605130848,-1.4579474072398,0,1,1,"B"
1,2,1.07486907003501,-0.373718595162058,1,1,1,"A"
0,9,3.37455465790833,2.95288946548643,1,0,1,"A"
1,1,4.66163078231171,5.31596030911632,1,0,1,"C"
1,8,4.21341526833684,-0.17747081489402,1,0,1,"C"
1,1,3.74417075191827,0.105445724724954,0,1,1,"B"
1,5,5.61184534761057,0.60544126579398,1,0,1,"B"
0,5,3.99919279486407,0.174031908494458,1,0,1,"A"
1,3,1.22555336496572,-0.830099788310724,1,1,0,"A"
0,7,3.27987926648689,-0.511120155658412,1,0,0,"C"
0,5,2.33015976058335,0.0828335476502104,0,0,1,"B"
0,7,2.87846746765644,2.09782714349069,1,1,1,"B"
0,4,5.15773715682549,3.33045487550729,1,0,1,"B"
1,10,4.51026814190089,1.42586438263796,0,1,1,"C"
0,1,4.16193892814664,-0.71894987362303,1,0,0,"A"
0,1,4.74165554211705,0.224827179558365,1,0,1,"C"
1,7,2.75500289758104,1.08497449256188,1,1,0,"A"
1,3,1.90911457491288,-1.15717314189751,1,0,0,"A"
1,3,5.0081609170051,1.62898625027142,0,1,1,"C"
0,10,3.17769456205528,-0.352636122620945,0,1,0,"A"
1,6,3.002440097433,-0.232097115017165,1,0,1,"B"
1,9,3.21749313642898,2.88060352827355,0,0,1,"C"
0,1,3.41686685105207,-0.580999346853841,1,0,0,"B"
0,7,4.1964767572136,1.91679561575252,1,0,1,"B"
1,10,2.51484144345138,0.208327084165112,0,1,1,"B"
1,10,3.85527196404355,4.32461517650188,0,0,1,"B"
1,3,3.51634729328226,-1.05408293762874,1,0,1,"B"
0,2,3.54016920990939,-0.328529322848974,0,0,0,"C"
1,10,4.5127153930481,0.598571204428969,0,1,0,"B"
0,10,4.59598011805439,-0.325371245121496,0,1,1,"C"
0,7,4.67434126727991,3.34412847270295,1,0,1,"B"
0,10,1.0145440569045,-1.00407976916288,0,1,1,"C"
0,6,3.12556137208721,3.33347461789706,1,0,1,"B"
0,2,4.22161682376414,-0.54044629310106,0,0,1,"B"
0,3,4.26421201273805,4.35588212966502,1,0,1,"C"
0,5,6.33146260637828,0.59621010678594,1,0,1,"C"
0,9,3.17262867994642,0.322014928127459,1,0,1,"B"
1,3,3.94582328409914,-0.0255254224776891,0,0,1,"B"
0,3,5.09750725055163,-1.48189668271003,1,0,0,"B"
0,2,4.43189480362653,0.283205929208744,0,1,1,"C"
0,9,4.287284292358,2.94385827461833,1,1,1,"B"
0,8,5.89887878203115,0.350704578513776,1,0,1,"B"
1,6,3.48045456377674,2.24243493568895,1,0,1,"B"
0,4,2.67793159455351,-0.0890223649446809,1,1,0,"A"
0,6,2.45680855302408,-1.20843748277398,0,1,1,"B"
1,5,2.70106329596763,-1.64463436412924,1,0,1,"C"
0,10,3.12239254684319,2.87792245958175,1,1,0,"B"
0,8,4.02847732167577,0.632131719921984,1,0,1,"A"
0,3,5.59663184938738,-0.711665846280513,1,0,0,"A"
1,6,2.84402083205269,-1.34758002494552,0,0,0,"B"
0,4,3.79108654604761,-0.0701865666055498,1,0,1,"B"
0,10,2.79325712918833,2.24628707365565,0,1,1,"A"
0,6,5.88048469866023,1.17706175361026,1,0,0,"A"
0,4,4.84956413202638,-1.11653962008501,1,0,0,"C"
0,7,4.23955305053283,2.73892778125717,1,0,1,"B"
1,6,3.69710726933329,3.7864966565344,1,0,1,"A"
0,7,3.86543661407295,0.418207631176562,0,1,1,"A"
1,1,4.2601590818394,3.81769448532447,1,0,1,"A"
0,1,3.7286672390659,0.115683926885095,1,0,1,"B"
1,4,3.46186982156661,-0.413287740529065,1,0,1,"A"
0,8,3.29893741734436,2.96634400497969,1,0,1,"B"
1,5,4.13822341061055,-0.334645431675905,0,1,1,"B"
0,2,4.27555659430562,-0.193913890059845,1,0,1,"A"
1,8,5.32764525047218,4.04125553848721,1,0,1,"B"
0,5,3.65293079090304,-1.32485064049368,1,0,0,"B"
0,4,4.24705514675836,4.1718210233228,1,0,1,"B"
0,5,4.27940344771666,2.94873049546761,1,0,1,"C"
0,4,3.14048373939732,2.6429838033648,1,0,1,"B"
1,7,2.75673054438986,-0.104381584103568,0,1,0,"B"
0,1,3.31992248840087,-0.207708969833026,1,0,1,"A"
0,5,3.63518747431624,0.0490473641193857,0,1,0,"C"
1,1,3.80538769030403,5.26672465552031,1,0,1,"B"
0,10,4.8605239681465,3.46353648547864,1,1,1,"B"
0,5,4.82810166354345,1.49071699455952,1,0,1,"A"
1,10,5.43265138533224,1.04253911574552,0,1,1,"B"
1,6,5.36146873945845,5.36430426418878,1,0,1,"C"
0,7,5.27580733281608,4.52565187629567,1,0,1,"B"
0,10,3.0480555794083,2.62067286145618,1,0,0,"A"
1,6,4.19425201557817,3.37853295141435,1,0,1,"C"
1,3,4.24108926258079,3.4971218096075,0,0,0,"A"
1,5,4.22947989492702,0.0442239381862772,0,1,1,"B"
0,9,4.17902127771882,0.782164817437535,0,1,0,"B"
0,10,4.22926805847387,0.308366940588239,0,0,1,"B"
0,9,4.34739969120259,-1.39232097104167,1,0,0,"B"
1,6,2.68919506281167,0.464717541504889,1,1,0,"A"
1,10,4.06581151818075,1.4730759027097,0,1,1,"C"
1,1,2.64352208308471,1.02722805372014,1,1,0,"C"
0,10,4.38033591134354,3.95348168439318,1,0,1,"B"
1,8,3.22154646696772,-0.639030671920044,0,0,1,"A"
0,4,1.16049709502613,0.546452635702607,0,1,1,"A"
1,1,2.12161876535008,-3.31448394408724,0,1,1,"A"
0,2,4.44537275200387,-1.39009884422444,1,0,0,"B"
0,10,3.73995514775239,3.04061971440863,1,0,0,"C"
1,7,3.54769739212287,-0.698334100502121,0,1,1,"C"
0,3,4.79062255597725,4.03568559468682,1,0,1,"B"
1,8,7.18177558107988,5.83426435516195,0,1,0,"B"
1,6,3.02543259498852,-0.802205953245268,1,0,1,"A"
0,7,3.69528218953244,2.06820571552869,1,1,1,"C"
0,7,3.97466564231599,-1.23258177273802,1,0,0,"B"
0,4,3.91091344205497,2.31591674770734,1,0,1,"A"
0,2,2.38818348072794,0.460151134249143,1,1,0,"A"
1,3,4.56596114156005,-0.124536428542229,0,1,1,"C"
0,4,1.32770687500912,-0.455042722930649,0,0,1,"B"
0,2,4.3640260462399,-0.320996976518709,1,0,0,"C"
0,5,4.86225398980084,2.57808456068942,1,0,1,"B"
0,2,-1.35981073632326,-3.08318540120668,0,0,0,"B"
0,10,4.23139417529906,1.58656790435328,1,0,1,"B"
0,10,4.44934644139418,4.10781922278977,1,0,1,"C"
0,1,5.40021941195527,3.85643418775394,1,0,1,"B"
1,1,1.84322577854233,-0.286514040106457,1,1,0,"B"
1,4,3.48708769256903,-0.552359442618521,0,0,1,"B"
0,4,5.15915335423901,4.31938751569421,0,1,0,"B"
1,5,3.95289877149368,0.2512584408922,0,1,1,"B"
0,6,2.69079877812342,2.75027471944535,1,1,1,"B"
0,8,4.27408898340572,0.403470228161074,1,0,0,"B"
1,2,3.83093344914045,0.125344248143404,0,0,1,"C"
0,3,4.99373500075863,1.22622745421165,0,0,1,"C"
1,8,4.7781099462703,1.56635303306526,0,1,1,"B"
1,7,3.24419412919079,0.447792264553708,1,0,1,"B"
1,10,3.92848444180262,-0.587497736316613,0,1,1,"C"
1,6,4.01863884029565,-0.0795305970590639,1,0,1,"B"
0,10,4.57345804157011,-0.207996553894044,1,0,1,"B"
1,6,5.24304017469371,4.15239048931767,1,1,1,"B"
1,1,4.50516072647585,0.659278174243149,0,1,1,"B"
0,3,4.51206220373663,3.87874058025836,1,0,1,"C"
0,3,4.3303385635911,2.63970346347012,1,0,1,"B"
0,8,3.72182080081143,2.09402869514869,0,0,0,"B"
1,3,2.82942991740777,0.54997474905178,0,1,1,"A"
0,2,4.44385475109684,-0.43699464788282,1,0,0,"B"
0,10,4.76218947727342,2.3829588586733,1,0,1,"B"
0,7,5.30638864016163,4.14222395483806,1,0,1,"B"
1,8,3.10572533505494,-0.599140951248697,0,1,1,"B"
1,2,5.13870847479895,1.77059520003053,0,1,1,"B"
1,6,3.26340630375972,-1.71847222694578,0,1,1,"B"
0,4,2.3948696838771,0.447964421968076,0,0,1,"A"
1,7,5.35895194358636,-0.661562579071431,0,1,1,"B"
1,5,3.2967601102905,-0.922905160220987,0,1,0,"B"
0,5,4.54913911021207,3.02594259668991,1,0,1,"B"
1,3,0.476242868825908,-0.350630296929446,1,1,0,"B"
0,7,4.90597909857089,0.721082933470308,1,0,1,"B"
0,8,5.42576162337135,2.96090609886926,1,0,1,"C"
1,4,3.29523365336471,2.51094025891807,1,0,1,"B"
0,3,6.61077082083362,1.31096641045872,1,0,1,"A"
1,4,3.46953002538278,2.84257436661883,0,1,0,"A"
0,8,2.34725136192226,0.823205177387455,0,0,0,"A"
1,7,3.74984760241845,0.00507187937246639,1,1,1,"B"
1,7,5.40631345113575,3.58940252427857,0,0,0,"B"
0,1,5.26568494790339,1.09204801209407,1,0,0,"B"
1,1,3.45028219668213,0.593654737082333,0,1,1,"B"
1,7,0.936681696879453,-0.800814975827358,1,1,0,"A"
1,3,0.556514524485562,-1.81438191922184,1,1,0,"A"
0,10,3.36021898098726,0.302380238979721,1,0,1,"A"
0,1,4.62429708130281,-0.435005600070497,0,0,0,"A"
1,8,3.88614299159936,2.34629738558043,1,0,1,"B"
0,6,6.31184365116748,4.78318372028096,1,0,1,"A"
1,2,4.13833591839283,0.0721227665336334,1,0,1,"B"
0,1,4.66819474926051,0.851296987534693,1,0,1,"B"
1,3,2.79200670251557,-1.47169059629751,0,1,1,"B"
1,6,4.32472120424,3.37292239733242,1,0,1,"B"
1,8,3.8383379301977,0.470675935878818,0,1,1,"B"
1,8,0.101703238266235,-1.58970500272732,1,1,0,"A"
1,2,3.97448627156021,4.66918830004824,1,0,1,"A"
1,1,4.69165999779124,0.610797348242188,0,1,1,"A"
1,3,1.65521216623642,-0.593249583738628,1,1,0,"A"
0,10,4.06447263273639,-0.765319995682892,1,0,1,"C"
1,6,5.84026943460389,2.35145003236191,0,1,1,"A"
0,1,4.47748483241667,-0.44367183181342,1,0,1,"B"
1,8,4.36698160181248,4.83421994793718,1,0,1,"B"
0,9,4.7799093814948,1.7842709436095,0,1,1,"C"
1,7,1.9478295478436,-0.890294685611178,1,1,0,"A"
1,9,3.80617488181989,-1.50960860156559,0,0,1,"A"
1,4,2.40744942925365,-0.552299507286051,0,1,1,"B"
0,1,5.03246714020452,4.83892725809489,1,0,1,"B"
1,6,4.99127892318303,1.10151344532032,0,1,1,"B"
0,5,2.58938275897892,-0.358624695427887,1,1,0,"A"
0,10,2.54066993564109,-0.317698376932819,0,0,1,"A"
0,6,3.20049877319101,-0.190140665767006,1,0,1,"A"
1,6,6.68984678417234,0.183087930639308,0,0,1,"B"
1,4,0.0757424042493229,-1.33816103008319,1,1,0,"C"
1,2,3.97940011812445,0.735357192633538,0,1,1,"A"
0,7,2.52394233453506,1.25893139129011,1,1,0,"A"
0,9,4.84356097345873,1.48143068994685,0,0,0,"A"
1,5,3.8834418738428,-1.8312770812444,1,0,1,"B"
1,2,3.27459535392113,1.76397609550252,0,1,1,"A"
0,2,1.56455529114566,-0.379813774926326,0,0,1,"A"
1,5,4.85141209228261,4.02075206501354,1,0,1,"C"
1,1,2.96157865027277,-1.88164777658284,0,1,1,"A"
1,6,4.69661292697559,2.26089312896047,1,0,1,"C"
0,8,4.33827761115799,0.440244192123181,0,0,0,"C"
0,10,2.36408646857089,-2.04850630018027,1,0,0,"C"
1,6,4.89712310909645,3.81677150790651,1,0,1,"B"
0,10,4.01126901142811,3.42185330130542,1,0,1,"B"
1,4,2.21633784889467,1.16511253362681,1,1,0,"C"
0,5,5.53085195005196,2.36526332185897,0,0,0,"C"
1,1,3.49601523158653,4.08402695611172,1,1,1,"B"
1,8,4.2334457497532,0.00309064808218555,0,1,0,"B"
1,2,3.55838082211184,4.33509939078502,1,0,1,"B"
1,5,4.31680029606891,3.28466883813244,0,0,0,"C"
0,5,0.765258647305437,-1.00224804646419,1,0,1,"A"
1,9,4.0771646857492,3.18414458565796,1,0,1,"A"
1,9,6.45662222089393,4.35989464342006,1,0,1,"C"
1,9,4.03574494556537,0.876621309658749,0,0,1,"A"
0,4,4.52152772877358,1.26761521512305,1,0,1,"B"
1,2,5.48082716225448,2.34290733810843,1,1,0,"B"
1,4,3.68400091808567,-0.307379512220319,0,1,1,"C"
0,9,2.65340123129951,-0.350343344924952,1,0,1,"A"
1,3,5.02352460552778,0.632404516583025,0,0,1,"A"
0,2,3.62766000641395,-0.657010366323035,1,0,0,"B"
1,9,2.25118471518004,-0.597090305848257,0,0,0,"B"
1,5,2.15860466204068,-1.57461979898631,0,1,1,"B"
0,2,3.78952308246913,3.0362239612128,1,0,1,"C"
0,4,5.39129815220747,-0.23099520796252,0,1,0,"A"
0,8,3.18048432277607,-0.463009894037963,0,0,1,"A"
0,2,4.00368263078839,-0.360470286802795,1,0,0,"B"
0,8,3.62141362511742,0.0451998936199137,1,0,1,"A"
1,2,1.68902325618407,-2.25370381245521,1,0,1,"B"
1,7,3.5542351617885,-0.139478111147818,1,0,1,"B"
0,2,4.36469767656568,0.722382896162688,1,0,0,"A"
1,2,3.84332090271913,-1.20562054999315,0,0,1,"C"
1,2,1.11585781716942,0.00984333805166965,1,0,0,"C"
0,8,5.47229737451512,2.02210126004291,1,1,1,"B"
1,1,3.79421171798057,-0.650657234232417,0,1,1,"B"
0,4,3.282936849768,-0.116790918815985,1,0,0,"B"
0,1,4.59165501419222,-0.0342402085145599,1,0,1,"A"
1,2,5.9312293076593,5.62281536772148,1,0,1,"A"
0,10,4.3215440307594,1.14541375129381,0,1,0,"A"
1,1,3.3824022574749,3.74756809717936,0,1,0,"B"
0,8,3.83923031295724,4.50718153857362,1,1,1,"B"
0,3,4.44346533525998,3.79785954626261,1,0,1,"A"
1,3,1.55826373604121,0.55335154734671,1,0,0,"A"
1,1,1.25494134057155,-0.34380569708524,1,1,0,"B"
1,8,0.528935413696495,-0.391698809725498,1,1,0,"B"
0,2,1.46963834470392,-1.30501324408774,0,0,1,"A"
1,5,2.68708623121791,-0.448428961740298,1,1,0,"A"
0,6,4.71967645091772,2.292242959642,1,0,1,"B"
0,5,5.00490326235826,4.22936664073486,1,0,1,"B"
0,3,3.55686249095759,-1.01038268386616,1,0,0,"B"
1,2,1.13877135897282,-0.96515530158606,0,1,0,"A"
0,5,2.24805375096264,0.0561589927222662,0,0,1,"B"
0,9,3.61569509209889,-1.52814184521951,0,0,0,"B"
1,6,3.91055275121732,-0.0941962470720155,1,0,1,"A"
0,4,5.10936199940802,2.00928664156104,1,0,1,"B"
0,7,4.10937064930531,3.21470551001266,1,0,1,"B"
1,3,2.05300846587954,-1.77815301241075,0,1,1,"B"
0,6,5.06376746312223,3.61028492664466,1,0,1,"B"
1,3,5.53944834572216,5.14338333971829,1,0,1,"B"
0,4,0.716589179540978,-0.122452094008203,1,0,0,"A"
0,9,5.93172636884585,5.49859661878033,1,0,1,"B"
0,7,2.36049730505338,-0.887493961650101,1,1,0,"A"
0,2,5.86331350613533,4.02057073366109,1,0,1,"B"
1,3,3.62143232842459,-1.10366034952978,0,1,1,"A"
1,7,5.68366507452847,-0.213257034906023,0,1,1,"C"
1,1,3.01008071202122,-0.992451631031531,0,1,1,"A"
1,3,3.57214597958498,-0.538744075408121,0,1,1,"C"
0,5,2.36036984529742,-0.137502116772981,1,0,0,"B"
0,5,1.36696674509056,-1.38828009998425,0,0,0,"A"
0,10,2.23074062192009,-1.85311790541966,1,1,0,"A"
0,9,3.62067293360128,0.831385441589311,1,0,0,"A"
0,8,4.02910875672777,1.02192644315645,1,0,0,"B"
1,1,4.41731451910772,4.12393044305459,1,1,0,"B"
0,8,4.04031721175539,2.87473449252929,1,0,1,"C"
1,3,3.23233904757256,-0.883576669006514,0,1,1,"B"
0,7,3.80842509973459,-0.734906939000732,1,0,1,"B"
0,1,5.90802106273285,1.64074220140502,0,1,1,"B"
1,6,5.548238703759,3.53667689372833,0,0,0,"B"
0,7,2.85239570691491,-0.591421848691394,1,0,0,"B"
0,4,3.91754090798466,3.10792218660083,1,1,1,"B"
0,4,4.80238667361119,2.03508667898078,1,0,1,"B"
1,5,4.61063155743677,0.206646893785686,1,0,1,"B"
1,7,5.78602994516984,4.53977349316157,1,0,1,"A"
0,9,4.42348910605924,3.0542912723509,1,0,1,"B"
1,6,5.02336331450364,4.24715992489887,1,1,1,"B"
0,6,3.49214507732643,-2.13276725033452,0,0,0,"C"
0,7,6.37217343541446,3.30259831699328,0,0,0,"B"
1,9,4.00983547736241,-1.35091266578546,0,1,1,"B"
1,2,5.55697695848806,-1.38651054145636,0,1,1,"A"
1,3,5.27036175294925,3.62903161858306,1,0,1,"B"
1,8,4.49156688443525,2.47355729722514,1,1,1,"A"
1,1,2.7934976372725,-0.683707615272733,0,0,1,"A"
1,9,3.66405218069846,3.66056610910772,1,0,1,"B"
0,2,4.03894872187836,2.42330653715589,1,0,1,"C"
1,3,1.5532125992362,-0.806604031550726,1,1,0,"A"
1,1,2.94821435251194,-0.254758856280948,0,1,1,"A"
0,10,3.53363942795175,-0.158501979546237,1,0,1,"C"
0,2,3.03570848500975,-0.842934306360329,1,0,1,"B"
0,10,3.36980966286257,2.90415492620829,1,0,1,"C"
1,3,4.65990207656616,0.448177760071735,0,1,1,"B"
0,8,3.5829796223882,0.880178328522739,1,0,0,"C"
0,3,4.0722921176217,1.75980164913189,1,0,1,"A"
0,2,4.24797290790126,1.52628532070903,1,0,1,"A"
0,5,2.56927736846785,-0.503109839263273,1,0,1,"C"
0,8,2.65129891936981,-1.64973211323998,1,0,1,"C"
0,9,3.5075925088053,1.6278460409466,1,0,1,"B"
0,7,4.25915958243357,0.115194013027721,0,0,1,"C"
1,5,4.46323644684332,4.16619103037861,0,1,1,"C"
0,3,2.72476947099428,0.543506567248193,0,1,0,"A"
0,10,2.02790319859338,1.3663313113969,0,0,0,"A"
1,7,4.50369527821525,0.388135908554049,0,1,1,"A"
0,10,4.12861781787288,0.13762203990607,0,1,0,"B"
0,8,2.02131742354169,-0.935645559076083,0,0,0,"A"
0,9,3.68426220951845,-1.21044089130233,0,0,0,"C"
1,9,4.2484944925634,4.29133072387713,1,0,1,"C"
0,4,3.23093215410558,3.09249617584751,0,0,0,"B"
1,8,1.41902501935447,0.512047222606429,1,1,0,"C"
1,5,3.20269440678376,0.965258989799428,0,0,0,"A"
1,3,4.63942786231105,-0.217675093674079,0,1,1,"C"
0,4,1.71514011587002,-0.91854753931961,1,0,0,"C"
1,9,2.4832452997302,-1.56176015198082,0,1,1,"A"
0,5,2.08001807822024,-0.952251715507604,1,0,0,"A"
0,7,3.13702195991654,1.06226761357939,0,1,1,"A"
1,9,2.11194565027384,1.21863014726362,1,1,0,"A"
1,7,3.63028800381975,3.16430151228767,1,0,0,"C"
1,9,4.40552096196309,0.950028861754132,0,0,1,"B"
0,7,5.29246268093774,1.09735578879702,0,1,1,"B"
0,9,3.3523187440639,3.1365439028345,1,0,1,"C"
0,3,3.16302823442517,-0.909678745680724,1,0,0,"C"
0,7,6.42034551249156,6.05942782189759,1,1,1,"B"
0,7,4.53871302385509,2.81456689323491,1,0,1,"A"
1,5,3.90319057993827,1.45805805121505,0,1,1,"B"
0,5,3.83681101753761,0.720084127503522,1,0,1,"C"
1,2,4.8724130189825,3.4623671669007,0,0,0,"B"
0,1,4.47347078887718,0.19275789594388,0,1,0,"B"
1,4,2.91924234926672,-1.65384324835542,0,1,1,"B"
0,2,4.59105943918956,1.02158654173824,0,0,0,"B"
1,7,2.72478464514835,-2.71304426002036,0,1,1,"B"
1,1,1.00189635724071,-2.93524996212443,1,1,0,"A"
1,9,2.50232865801929,0.291336214745208,1,1,0,"A"
0,4,4.46065359928777,3.10837125004298,0,0,1,"A"
0,4,1.49335894805174,0.600452949422473,0,1,1,"A"
0,7,4.95901577693814,3.98740413666632,1,0,1,"C"
1,6,2.49929973071011,-0.741688792934926,1,1,0,"A"
0,9,4.84581526125627,-0.292501671000425,1,0,1,"C"
0,2,3.54794693959513,-0.150430493995471,1,0,1,"C"
0,6,2.48668454987681,-0.347133008179528,0,0,1,"B"
0,8,3.46235168894614,2.94265058964336,1,0,1,"C"
1,6,3.66595810412033,0.350688342604955,1,0,1,"B"
0,7,5.21346295156838,2.38487649721194,0,1,1,"B"
0,3,5.19333126953013,0.428442603954737,1,0,1,"C"
0,9,4.08418702324082,4.07599203425135,1,0,1,"B"
1,7,3.91932901295277,-0.637080018869489,1,1,1,"A"
0,10,5.99054435671183,4.76818156211883,1,0,1,"B"
0,2,1.85376040931655,0.588211213131781,0,0,0,"B"
1,8,4.15597435281121,2.00773128005569,1,1,0,"A"
1,6,4.20720518860972,0.226499137204123,0,1,1,"B"
1,4,6.06026536513608,5.45755371939339,1,0,1,"B"
1,1,4.55640840821451,4.80325319780517,1,1,1,"B"
1,3,4.48053877194948,-1.3500262495386,0,1,0,"B"
1,9,2.76948689961188,-1.21522501026432,1,0,1,"B"
0,7,2.71247943333654,0.658304436099238,1,1,0,"A"
1,7,4.767588610012,1.42046799328704,1,0,1,"B"
1,6,4.04202544560847,-0.0703522033909606,1,0,1,"A"
1,6,0.746408123663644,-0.673160164442196,1,1,0,"A"
0,2,3.81250999345005,0.0117772428002707,0,0,0,"C"
1,9,4.61706638105552,0.304375222336348,0,1,1,"C"
0,10,3.85625475268369,-0.283185147851729,1,0,0,"C"
0,3,3.76591385365584,0.384860523009109,1,0,1,"C"
1,6,3.50106701211275,0.67250305561629,0,1,0,"C"
1,3,2.8235301486259,-1.24663442045115,1,0,1,"C"
0,8,4.07065412423937,2.93974258654323,1,0,1,"C"
1,8,4.25034030228217,1.17449557404006,0,1,1,"B"
0,2,1.97339666117086,0.0983526519039322,0,0,0,"A"
0,3,1.92185429087635,-1.41643455754508,1,0,1,"C"
1,3,4.20383833017052,-0.136186527403844,0,1,1,"C"
1,10,3.76875236498474,-1.16175520541535,0,1,1,"A"
1,4,2.32892748251497,1.00939471810301,1,1,0,"C"
0,2,4.92812884985625,2.79764456286582,1,0,1,"A"
0,6,5.36671505843518,3.08458691653034,0,1,0,"A"
0,4,5.08258635727965,1.22504705348407,1,0,1,"A"
1,1,1.43981217363379,0.298561623097985,1,1,0,"A"
1,2,4.80490417460658,2.98543560625214,1,0,1,"B"
1,2,3.98058212625001,2.90206708501077,0,1,0,"C"
0,6,3.48297464401764,0.356311906332151,1,0,1,"B"
0,6,5.44331895049135,-0.405893062026635,0,1,0,"C"
0,10,4.79792182111434,1.45793081803812,0,0,1,"C"
0,10,4.7962224179509,5.04370239832428,1,0,1,"B"
1,7,1.0416362058481,-0.305867560436398,1,1,0,"A"
1,10,4.21360782437705,0.255307644044218,0,1,1,"A"
0,9,5.66627867260459,2.3757554256879,1,1,1,"B"
1,1,4.46301067075354,-0.802385217594996,0,1,1,"C"
0,2,0.920990516549199,-1.77874406712905,0,0,0,"B"
0,4,4.26576918242873,2.0606564946948,1,0,1,"A"
0,4,4.28249210286176,3.41776932682885,1,1,1,"B"
1,5,5.49958911431833,3.98349590887278,1,0,1,"B"
1,8,2.08341743666084,1.16895821036575,1,1,0,"A"
0,3,4.3163646254242,0.450409932669408,1,0,0,"B"
1,6,5.19481755797876,-0.879250945590671,0,1,1,"B"
1,5,5.86109266108015,1.49267220664603,1,0,1,"C"
1,10,3.69084243092993,-0.96948738628257,0,1,1,"A"
0,10,5.16336154056989,0.93460442462435,1,0,1,"A"
1,8,2.34587463861058,0.0261773929061349,1,1,0,"B"
1,5,0.95355182067099,0.0408971461488392,1,1,0,"A"
1,6,2.42704663926651,1.71283491153998,1,0,1,"A"
0,5,4.27238848070757,3.22337607772638,1,0,1,"B"
0,2,4.01609045522147,1.98753591434215,1,0,0,"A"
1,6,1.36146336796748,-0.347820605188204,1,1,0,"A"
1,10,4.95158168616217,0.966668740725876,0,1,1,"A"
0,3,3.61103639865901,3.23525992169905,1,0,1,"B"
1,4,4.60135128455441,-1.28695949202406,0,1,1,"A"
0,10,4.09931177578062,-0.919259796767067,1,0,0,"B"
0,9,4.03690580888348,-2.2161053470537,1,0,1,"C"
0,1,2.0083473699547,-0.395946599902118,1,0,1,"A"
1,4,5.15521052224979,3.70204642013728,1,0,1,"B"
0,10,6.0176168090334,3.07593022975815,0,0,0,"B"
1,6,3.50046978424349,3.15459408415263,1,1,1,"B"
1,1,-0.0827315225391159,-0.69643149519269,1,1,0,"B"
0,1,3.24415579307069,1.73812151107166,0,1,1,"C"
0,9,4.43840798597975,1.26485123057089,1,0,1,"B"
0,1,4.00186262499786,-0.230371531718909,1,0,0,"B"
1,9,4.43179153141326,2.84931443348181,1,0,1,"B"
0,10,3.5646294431707,2.39341111554035,1,0,1,"B"
1,4,2.90894577782944,3.48873298127939,1,0,1,"B"
1,4,3.05097478697173,-0.224310315242082,0,1,1,"B"
1,4,3.69659784698333,-1.42400629166806,0,1,1,"B"
0,10,5.37329061990911,1.33744878418672,1,1,1,"C"
0,1,2.44875883037985,-0.0135189065563321,0,1,0,"B"
0,8,5.33760325695384,2.69834696211107,1,0,1,"B"
1,7,4.85977900182623,0.38831864578857,1,0,1,"B"
1,5,2.46472569641343,-2.86380567157032,1,0,1,"C"
1,9,4.390398578252,2.78638310284479,1,0,1,"B"
1,7,4.24327431042085,0.28851553020127,1,0,0,"A"
1,7,1.42767977979392,0.0957593525225863,0,1,0,"A"
0,5,4.27792236084219,-1.1506015109252,1,0,1,"B"
1,4,3.71365012930635,3.49358109552404,0,1,0,"C"
0,6,3.71284362636882,-0.0974493064090383,1,0,0,"B"
1,1,0.131843827215324,-0.704979984462675,1,1,0,"A"
1,7,1.08032893858488,0.141965324031983,1,1,0,"C"
0,1,4.24402264982816,-1.44209504257549,1,0,1,"C"
1,9,5.55670543310242,2.82697811822282,1,0,1,"B"
0,4,3.25588010917039,0.382909767040263,1,0,1,"B"
1,8,1.9070231692386,-0.415608259669286,1,1,1,"A"
0,10,4.42938206748325,1.05415761407819,0,1,1,"C"
1,8,1.27213413435218,-1.72958932115496,0,0,0,"A"
1,6,1.13973129903168,0.676417665048932,0,1,0,"A"
1,2,4.20093411117898,-0.225557742785183,0,1,1,"A"
0,3,5.9071130377651,2.31805118818448,1,0,0,"C"
0,5,2.41904658857585,-0.859169572504473,1,0,0,"B"
1,3,4.88966956762524,3.81328341439956,0,1,0,"C"
1,5,3.15108279269616,-0.525079216875667,0,1,1,"B"
1,1,2.74183931516648,3.09040313343623,1,0,1,"C"
1,8,1.96936517800061,-1.70256379847852,1,1,0,"A"
1,4,4.09230643453868,1.01836333806549,0,1,1,"A"
1,3,4.16502937720111,0.417292916926372,0,1,1,"B"
0,7,4.77558797625432,3.41910110671755,1,0,1,"A"
1,8,5.0760242194497,1.70746349362638,0,1,1,"B"
1,5,0.256855497166923,-0.834704404820054,1,1,0,"B"
0,5,3.72944916672972,3.54503870193874,1,0,1,"C"
1,3,3.37887757281519,-1.49781539484871,1,1,1,"C"
1,9,3.19860684108658,0.329772118600475,1,1,0,"A"
1,4,2.63963050379511,1.53990092264389,1,1,0,"A"
1,5,3.57974963586423,-1.38614722312789,0,1,1,"C"
0,4,3.43087322595137,0.249551503598954,1,0,1,"B"
0,4,3.99969886095178,-0.0990084676946702,1,0,0,"A"
1,9,4.41751758065547,3.75102742694094,1,0,1,"C"
1,5,4.81448130200381,-0.733334446107001,0,0,1,"B"
0,7,5.26950490363081,0.744225074029385,1,0,1,"B"
0,2,4.65543191892399,-0.399092313654864,0,0,0,"B"
1,5,4.78558841687059,-0.0698505789034633,0,1,1,"B"
1,3,4.40698792414604,0.623238596154799,0,1,1,"A"
1,1,3.60525997945484,-2.85763061710014,0,1,1,"A"
0,7,3.88199694447728,0.178726934265087,1,0,1,"A"
1,9,2.12596456729475,1.80790594543752,1,0,1,"C"
0,1,4.64939484674755,1.3602488789186,0,1,1,"C"
0,3,3.76971579300786,3.15576869197808,1,1,1,"B"
1,1,4.43972670451297,4.1540454046172,1,0,1,"C"
1,10,4.01030297669383,-0.408169796728468,0,1,1,"B"
1,7,2.55328572282465,-0.314028968651434,1,1,0,"C"
1,8,3.92336744979234,0.902109638460731,0,1,0,"A"
1,1,5.02394595743025,1.8507004940956,1,0,1,"B"
0,8,4.15899561339206,-1.11864189771235,1,0,0,"A"
1,4,1.78490573504142,-1.2890395617437,0,1,0,"A"
1,6,3.14802159238682,-0.751434479483287,0,0,1,"B"
1,1,3.70685164843387,-0.512118948793464,1,0,1,"A"
0,9,5.10004979024472,4.02746370648834,1,0,1,"B"
1,2,2.86093701150963,-1.48757904035419,0,0,1,"C"
1,5,1.92848525501603,-0.246393309297046,1,1,0,"A"
1,5,3.77959366205371,5.03329637536904,1,0,1,"B"
0,4,5.20784853353806,3.65973991953917,1,0,1,"B"
1,5,3.63105613100264,-0.80512834103343,1,0,1,"B"
0,5,4.81155113048539,4.2207109894638,1,1,1,"A"
1,5,6.00387680251156,0.456637896169235,0,1,1,"B"
1,8,4.19882012138883,-0.581827867670667,0,1,1,"C"
1,1,4.3720623197474,-0.164812985770984,0,1,1,"A"
1,1,4.50761897567551,3.03064480190762,1,0,1,"B"
1,2,2.40202070609779,-1.02254927622691,0,0,1,"C"
1,6,3.85431124365966,1.34958878750167,0,0,1,"B"
0,4,3.61387495214008,-0.0922305912227147,0,1,0,"A"
1,5,3.83433610291796,-1.21786130751753,0,1,1,"A"
1,6,0.985479609064106,-0.691916566777858,0,1,1,"A"
1,4,2.97410420593636,0.80652751659575,0,1,1,"B"
0,7,5.36024278548823,3.96650070553734,1,0,1,"C"
1,6,3.08480873938059,0.457223849335967,0,1,0,"A"
0,6,4.19250896176657,2.56759839907743,1,0,1,"B"
1,8,4.63451549060822,0.1351295802463,0,1,1,"C"
0,3,3.24405567376795,0.252836978369633,0,1,0,"C"
0,6,4.01888129960987,-0.150823296157499,1,0,0,"B"
1,3,2.18502180627196,-0.28269235178106,1,0,1,"B"
1,7,3.22286667851394,-2.07876712180051,1,0,1,"B"
0,5,4.31570027227563,0.172077866473,0,0,0,"A"
0,8,1.98538514526915,1.7395361580425,1,0,1,"A"
0,9,5.53144162133017,0.670242965341887,0,1,0,"B"
0,4,4.26008799913983,1.1790610879002,0,1,0,"C"
1,6,4.45539438141587,0.387353027715655,1,0,1,"A"
0,10,5.85486194519947,4.3466798508707,1,0,1,"C"
1,5,0.681331994388864,-0.843202820453551,1,0,0,"A"
1,4,5.10387792451324,5.49459581610204,1,0,1,"C"
0,1,4.00355678127016,2.94776505988098,1,0,0,"B"
1,6,4.37843365260493,4.03351758381651,1,0,0,"B"
1,7,4.4468701974918,1.45969344293178,0,1,1,"B"
1,5,3.9899813380349,-0.188991407120975,0,1,1,"A"
1,6,3.13117887162297,-0.793537659755876,1,0,1,"B"
0,3,4.67011934018892,-0.416602787246053,1,0,1,"C"
0,9,2.02019687655461,-0.523258932324985,0,0,0,"B"
1,6,6.08628945923571,-0.121702865370532,0,1,1,"B"
0,1,1.78349646555984,0.0630177322878149,0,0,0,"A"
1,6,5.83116274650346,4.6952318972022,1,0,1,"A"
1,2,4.69688732536257,3.32574934246052,0,1,0,"B"
1,2,4.56387883153677,-0.213301768717589,0,1,1,"B"
1,3,4.76946170784873,-0.220312955678103,0,0,1,"B"
1,5,2.97174055508488,4.61397475446608,1,0,0,"B"
1,10,0.800724836549814,-0.941509954355312,1,1,0,"B"
0,9,4.69660767024188,-0.0456497931474306,1,1,1,"B"
1,1,1.78709334313362,0.315603775266989,0,1,0,"A"
1,1,2.67250057188707,-0.709236944817275,0,1,1,"A"
1,3,4.44882093001478,4.22753764149454,1,0,1,"C"
0,7,4.58854753499967,2.12192192820471,1,1,0,"A"
1,8,5.47525693037084,0.61090624055652,0,1,1,"C"
1,8,3.31651302708434,-0.198456957484791,0,1,1,"B"
1,6,3.49174210787977,2.50493931585126,1,1,1,"B"
0,3,3.05696054637866,-2.30496548957774,0,0,0,"C"
0,9,2.68618899520919,0.0465316955739935,0,0,1,"B"
0,2,5.67791707368582,1.52071514797417,0,1,1,"C"
1,6,3.87440368933279,-0.022670508184445,1,0,1,"C"
1,10,3.48853969330551,1.21700066548647,1,1,0,"C"
0,2,6.89430231691412,4.8640922443145,1,1,1,"B"
1,5,3.37828629732023,3.22886198698578,1,0,1,"C"
0,5,2.3588344998143,0.172628359131352,0,0,0,"A"
0,7,5.40177158254424,0.76256187023877,0,0,1,"B"
1,2,4.13014709970886,4.39068982311562,1,1,1,"B"
1,8,4.51108691124737,-0.63970756892845,1,0,1,"B"
0,3,4.78983923504978,3.00294858602919,1,0,1,"C"
0,10,4.37510789843508,0.272746747710989,0,1,0,"B"
0,2,5.36432189970199,3.07797488022453,1,0,1,"B"
1,8,6.24158593680468,5.92669417644553,0,0,1,"C"
0,1,4.82135115433985,1.22833970837747,1,0,1,"B"
1,9,5.75049066583018,3.93880752654342,0,0,1,"C"
1,10,3.43045837552443,-0.308218382469399,0,0,1,"B"
1,2,2.30812161092734,-0.805392517969227,0,0,1,"B"
0,5,4.80901928182147,-0.193076425573511,0,1,1,"A"
1,7,0.328493267217728,-2.54890518436865,0,0,0,"A"
0,2,2.73541963661954,1.18531695110388,1,0,1,"A"
1,3,4.37592338487639,-0.0728750201834194,0,1,1,"A"
1,7,4.1955802054678,0.471219454201047,1,1,0,"A"
0,4,4.10909049220078,-0.253273542592743,0,1,0,"A"
0,10,5.1152069242138,4.39567675607864,1,0,1,"B"
0,7,4.95259009548792,2.52809159596326,1,0,0,"B"
1,8,3.3695880407714,4.18144022830471,1,0,1,"A"
1,4,4.89716759404426,1.37453125915384,1,0,1,"B"
1,8,5.2041068357486,-0.633004979190443,0,1,1,"A"
1,10,3.26789462286105,0.440641231242785,0,1,1,"A"
0,3,4.27370842896248,1.49214534066079,0,0,1,"B"
1,10,1.7420002052757,0.16375067575091,1,1,0,"C"
1,2,4.03122898998519,-0.788634582157151,0,1,1,"A"
0,3,3.00191873596807,-0.359049504570912,0,0,0,"C"
1,9,2.64526166170424,1.93197960952306,0,1,0,"B"
1,10,1.16490200166794,0.144804072211716,1,1,0,"A"
1,2,3.92499038110753,0.590942212449262,0,1,1,"C"
0,9,4.360334983703,0.0422933899299345,1,0,0,"A"
1,3,2.79154418668356,-0.367572280528843,0,1,1,"B"
0,10,4.53374808368758,-0.166582615369074,1,0,0,"B"
1,9,2.66715557083136,1.86021608222493,1,1,0,"A"
1,1,3.63461724630117,2.39747657596523,1,0,0,"B"
1,6,1.65591148205314,-0.532897094723158,1,1,0,"B"
0,2,3.87931998943597,0.259058836692469,0,0,0,"A"
0,7,4.39059191369285,0.775498628205436,0,0,0,"A"
0,9,4.62672608691676,-0.610132457359473,1,0,0,"C"
0,3,1.00915520581361,-1.07942156450817,1,1,0,"A"
0,1,4.66957159052029,0.986175127105484,0,1,1,"A"
0,2,5.19846647606193,3.93652849738918,1,0,1,"B"
1,10,2.15817590277492,0.727341642180638,1,1,0,"A"
0,7,4.7840437888274,2.9851774846126,1,1,1,"B"
1,2,3.80699754017234,0.074685352136076,1,0,1,"B"
1,9,4.6866943035135,4.99262640658068,1,0,1,"B"
1,2,4.96929192165509,0.211926718891873,0,0,1,"A"
0,5,6.6907410786071,3.48889901849149,1,1,1,"B"
1,7,1.08921344110956,-0.534383085750587,1,1,0,"A"
1,4,5.05544834389323,1.49784218985031,0,1,1,"A"
0,3,3.13533269873727,-0.970363883205907,1,0,1,"B"
1,4,3.15695733972752,4.09198249540226,1,0,1,"B"
0,7,4.63331953606246,2.03811215781296,0,0,1,"A"
0,10,4.84400692320618,0.527124535842669,1,0,1,"C"
0,9,2.50613718962316,0.345518107241578,1,0,1,"B"
1,8,1.44798982343212,0.194818423378544,0,1,0,"A"
1,6,3.1313141902721,0.124320049838402,1,1,0,"A"
1,9,2.41022428847791,1.82200661573899,1,1,0,"A"
0,1,2.99371525722309,-1.32793884924005,0,0,0,"B"
1,7,4.50393737495282,0.0120124133985581,0,1,1,"C"
1,2,4.24638520873279,-1.10319725291949,0,1,1,"B"
0,1,4.37701509665678,0.413141813842103,1,0,1,"B"
1,8,2.89878985899472,2.28154335543429,1,0,1,"B"
0,3,3.72677521985151,2.05713970219346,1,0,1,"B"
1,5,2.71420344211225,1.58351258508167,0,0,0,"B"
1,7,1.86785821980718,0.0530506402021692,1,1,0,"B"
0,4,4.31084036933042,0.71383607740091,1,0,0,"C"
0,3,2.02766917989917,-0.685272928196549,1,1,0,"A"
0,2,2.29149315095331,-0.138199447378714,0,0,1,"A"
0,2,3.21669419252888,-0.220788780218904,1,0,1,"C"
0,10,4.31834813905315,0.864523832216437,1,0,0,"C"
1,3,6.25668449426216,5.23729310315405,0,1,1,"C"
0,1,4.10139119285405,2.37755214256492,1,0,1,"B"
0,10,5.53510016619433,4.01874653102563,1,0,1,"B"
0,9,5.69857907218288,3.86105925381717,1,0,1,"B"
1,7,4.2940324726962,1.45898198189142,0,1,1,"A"
0,7,2.2498528190525,2.6142973658289,0,0,0,"B"
0,4,4.44997446986615,3.7877907662634,1,0,1,"B"
0,3,4.1438633162231,1.35096264945836,1,1,1,"B"
0,9,0.741477555594322,1.27857897724397,1,0,0,"A"
1,2,3.94186851708044,0.770928665145643,0,1,1,"B"
1,5,4.27915579543383,0.0658460160485992,0,1,1,"A"
1,9,4.19861760321128,-1.07274565018315,0,1,1,"B"
1,8,2.46312270776628,-1.03828100440551,0,1,1,"B"
0,5,2.93741853845773,-0.201844672347919,0,1,0,"A"
0,1,4.17123130335207,-0.0800725195603453,0,1,1,"A"
0,5,2.66284928709347,-1.33617466500598,1,0,1,"C"
0,7,3.58031631382667,4.07700866400842,1,0,1,"B"
1,9,3.05542521517493,-1.78294134108945,0,1,1,"A"
1,8,2.35281029502875,0.876335514403868,1,1,0,"A"
1,3,4.17201760051698,-0.320561525616332,0,0,1,"B"
1,5,3.41277424989004,-1.29867748908732,1,0,1,"A"
1,5,4.57556733977564,-1.51276233635147,0,0,0,"C"
0,9,2.25034191601118,-0.527189448126338,0,0,1,"A"
1,2,4.4678688494472,2.78341079105075,1,0,1,"C"
0,3,4.24557159868407,3.05306994265772,1,0,1,"B"
1,3,1.64653139081501,-1.26801988892508,1,1,0,"A"
1,7,3.39013331092633,-0.25847791075165,0,1,1,"A"
1,5,4.81761113042841,-1.00155951290737,0,1,1,"C"
0,2,5.42707576140256,0.201323970918527,1,0,0,"C"
1,10,2.88057721627989,-0.375822670900002,0,1,0,"A"
0,1,4.43167664864834,2.00344036185777,0,0,0,"B"
0,8,3.64565872874102,3.8223956887296,1,0,1,"B"
0,2,4.74380443507452,0.98792593698705,1,0,1,"C"
1,5,3.40848317584185,-0.416695639901792,0,1,1,"B"
0,10,4.7198847009941,1.43027618407362,1,0,0,"A"
1,2,3.11887060370782,1.41052234176893,1,1,0,"A"
0,4,3.86995194972972,1.67206375709355,1,0,0,"A"
0,4,3.06540826781308,1.72394585727938,1,0,1,"B"
1,8,5.30306523801452,1.31906774568493,0,1,1,"A"
1,8,4.65879359648619,2.39210827726412,1,0,1,"B"
0,2,4.70185488334691,-0.913213196887849,1,1,1,"A"
0,3,3.87610998643325,-0.0388428555968826,1,0,1,"A"
1,6,4.62237664192744,-0.292490055780857,0,1,1,"C"
0,7,2.98384235932709,2.21208879167129,1,0,1,"B"
1,7,5.83669329423587,4.14289986778537,1,0,1,"C"
0,9,2.44961938264751,-0.20601260264274,1,0,1,"A"
1,6,5.36371284312897,1.81550584815324,0,1,1,"A"
1,6,4.40533491052697,-1.08974385610648,0,1,1,"A"
1,4,2.66380379478916,0.777229607490243,0,1,0,"B"
1,5,5.3150712158447,0.3207953514633,0,1,1,"B"
0,2,6.98747467005165,0.519098012377747,0,0,0,"B"
0,8,5.04872191091615,3.09127654878235,1,0,1,"A"
1,1,4.0301853785432,3.3730587433616,0,0,1,"B"
1,6,3.16397387090311,-0.761449166675942,0,1,1,"B"
0,5,3.83820960619888,-1.2921487799202,1,0,0,"A"
1,4,3.32270011105274,3.51916145012552,1,0,1,"B"
0,3,3.33588864450433,0.37757594222048,1,0,0,"B"
0,4,4.41189094913565,-0.121122817225441,1,0,1,"A"
0,5,4.11958038428194,3.86944055127651,1,0,1,"C"
1,9,2.78330479452548,-0.40466424008164,1,1,0,"A"
1,8,3.9147269161067,0.0325233795311247,0,1,1,"B"
0,6,4.24880305973439,3.09236397298586,1,0,1,"A"
0,8,4.23153976343616,-0.117049175230211,0,1,0,"C"
1,7,4.71927834829207,-0.321652191921559,0,1,1,"B"
0,4,1.91686270626852,0.882721175548192,0,0,1,"C"
0,9,2.68942708558081,-1.6955281369798,1,1,0,"B"
1,6,3.69835833455069,1.73756144187076,0,1,1,"B"
0,8,3.00777937068742,2.17960261216223,1,0,1,"C"
1,1,4.13224501790924,3.93990869240498,1,0,1,"B"
1,3,4.93563527950471,0.952965824880965,0,1,1,"B"
1,10,4.2620282944782,-0.54627853037498,0,0,1,"C"
0,2,3.70715344464297,0.502207569817252,0,0,0,"A"
1,3,2.24527180721126,-0.253817735930922,1,1,0,"C"
1,8,3.79121380184265,-0.443264072972167,0,0,0,"B"
0,1,3.65989156997969,0.489057015922554,1,0,1,"B"
0,6,2.77452672834968,0.801620367032829,1,0,0,"B"
1,8,3.94292454415979,4.97990339417867,1,0,1,"A"
0,4,4.07844191534652,2.91369158560418,1,0,1,"B"
0,5,5.19574912402355,3.98469527382637,1,0,1,"B"
0,9,3.51024156968457,0.50704673650221,1,0,1,"B"
1,5,4.74334095493785,4.6722676315253,0,0,1,"B"
0,2,2.76324772467483,0.521456954712539,0,1,0,"B"
0,8,3.63809381423475,-0.236162105659895,1,0,0,"A"
1,8,1.49082987693192,1.62319070855855,1,1,0,"B"
1,10,5.08141009702878,1.1378945608361,0,0,1,"B"
1,9,4.37353339764239,0.419734882592406,0,0,0,"B"
1,5,4.29496372910162,0.931014516789366,0,1,1,"A"
1,8,3.74965254754731,3.35282470637797,1,0,1,"A"
0,9,1.81119500347441,-0.506529119547898,1,0,1,"C"
1,8,0.800089213558626,-0.0734808456421993,0,1,0,"A"
0,7,4.89546103738288,0.491928303896905,0,0,0,"A"
0,7,3.6218533359656,3.50977499762892,1,0,1,"B"
0,9,3.71621996502224,-0.651971644327434,1,0,0,"B"
0,6,3.34743633014356,-0.73771745178219,1,0,0,"A"
0,3,3.0440558845491,-0.826684028560553,0,0,0,"A"
1,1,4.1075508381303,4.39369563121294,0,0,0,"A"
1,3,4.01681368101467,-0.152507437256463,0,1,1,"C"
0,10,3.39019797202006,-0.93109035123868,0,1,0,"B"
0,9,4.22387129496445,0.46354356563347,1,0,1,"A"
1,8,4.47503671201469,0.936703230469348,1,0,1,"B"
1,2,5.37120601523558,4.80727060079692,1,0,1,"C"
1,6,3.15217513465543,-0.965963083676512,0,0,1,"C"
0,8,5.09770873388702,5.06761642915495,1,1,1,"C"
0,3,3.01648159686868,3.07320250609636,1,1,1,"C"
0,9,6.02257989348881,-0.489119462303296,0,0,0,"C"
0,10,5.49762492698813,2.76702903895678,1,0,1,"B"
1,3,1.30572624065963,0.0378870610753397,1,1,0,"B"
0,1,5.86136302377241,4.63519021820817,0,0,1,"C"
0,1,4.93582743517688,-0.222773671695265,0,0,1,"A"
1,9,1.03767524829995,-1.30252733371103,1,1,0,"A"
0,2,4.08321062046442,2.05195001356637,1,0,1,"B"
1,6,4.06427313822078,-1.18458766873434,0,1,1,"A"
0,6,4.92401521702944,3.42848983541197,1,0,1,"B"
0,3,3.76184715587972,2.58327531089805,0,0,0,"B"
1,1,3.65958687046212,-0.142369746121577,0,1,0,"A"
0,8,4.90455033770909,3.0629090890913,1,0,1,"B"
1,4,3.2209855044427,-0.851863691974487,0,0,1,"B"
0,2,3.03570436724198,0.485460992231829,1,0,1,"C"
1,8,3.94677451577486,4.37877795438304,0,1,0,"B"
0,7,3.4358254056593,-0.95887365199868,1,0,1,"C"
0,2,2.81434184291737,0.321292434064642,1,0,0,"A"
1,7,3.76477266195735,0.64393941474097,0,1,1,"C"
1,6,1.72117895544167,0.232197405275922,1,1,0,"A"
0,9,2.8605686968138,2.16448531929159,0,0,0,"A"
0,10,4.19966637839821,0.00465624708903228,0,1,0,"A"
0,7,3.82161741050163,0.498274442029775,1,0,1,"C"
0,5,1.90070016224996,-1.2353546749571,1,0,1,"A"
0,10,1.20165827644721,-1.29762172774185,0,1,0,"A"
0,5,5.06185306226665,2.87054800962126,1,0,1,"B"
0,2,4.62245286643553,2.81355452722122,1,0,1,"B"
0,2,3.92188492084238,2.96930148956947,1,0,1,"B"
0,9,3.77701943462445,0.40181014177532,1,0,1,"A"
1,5,4.34719748212409,-1.20330032574428,0,0,1,"B"
1,4,0.408052406618337,-0.123213386429857,0,1,0,"A"
1,2,6.89303633567159,6.84964009290934,1,1,1,"C"
0,7,3.95430355353934,-0.132565096130833,1,0,1,"A"
0,4,3.28790693833004,-0.854193546728115,1,0,0,"A"
1,4,2.99435910554417,-0.577725049989423,0,1,0,"A"
0,8,5.32501416870401,1.0141651039813,1,1,0,"B"
1,2,1.80313409114357,0.936466579484775,1,1,0,"A"
0,8,4.06252426249716,-0.389699464095958,0,1,0,"C"
1,2,0.181814579731125,-1.01675782137326,1,1,0,"A"
0,10,4.16537220857062,5.41428485269832,1,0,1,"A"
0,4,3.91865679328893,2.40477277665199,1,0,1,"B"
1,6,3.54340580474082,-0.222541775466019,0,1,1,"B"
0,9,4.1217020896695,0.625254757869864,1,0,1,"A"
0,2,4.59047752476523,5.01757828999732,1,0,1,"B"
1,8,5.88317199888982,3.52821686914145,1,0,1,"C"
1,7,0.353350919964212,-0.494493148802192,0,1,0,"A"
1,8,0.325485970771206,1.42550005333637,1,1,0,"A"
1,3,4.21058754407451,-0.0927292232682281,0,1,1,"B"
0,2,5.54220566784032,1.07469650659105,1,0,1,"A"
1,5,2.51717609616427,-0.913115921965586,0,1,1,"C"
0,9,4.92743077027656,-0.145169052640879,1,1,0,"B"
1,9,5.67920347572537,4.14104589447057,0,1,1,"A"
0,10,4.29125554870262,3.77752839257099,1,1,1,"B"
0,1,4.54303228905984,2.69675487389609,1,0,1,"B"
1,9,2.44910208143215,-0.419364638588606,1,0,1,"A"
0,6,1.58612544518405,0.462891955701665,1,0,0,"A"
0,9,3.08459728513641,2.42055560175143,1,1,1,"B"
1,2,4.64364460828168,-1.73609512652976,0,1,1,"C"
1,1,3.85711972149805,-0.574200792734444,0,1,1,"A"
0,2,1.44499320729631,-0.586741363796249,1,1,0,"A"
1,2,1.57433122293204,0.215972249286309,1,1,0,"A"
1,9,3.16981263041365,-0.62707694200567,0,1,1,"B"
1,6,4.84375760621553,-1.62238868991246,0,0,1,"B"
0,8,3.63317314182477,2.81525093888025,1,0,1,"B"
1,10,3.62721447179228,0.176032611830396,1,1,0,"A"
0,7,4.98428921482196,3.93257114074496,1,1,1,"B"
0,4,3.7057328679102,0.869993988741989,0,1,0,"A"
1,7,3.73215759949739,3.17513581340252,1,0,1,"A"
0,6,5.35766273619181,3.50157731774844,1,0,1,"A"
1,5,5.63113902766681,4.19925266795582,0,1,0,"B"
1,2,4.19602660960872,-0.79058745983676,1,0,1,"B"
1,1,3.60968796140283,3.27448397710657,1,0,1,"B"
1,8,3.14078170783749,3.46869176119701,1,0,1,"B"
0,5,3.93797422023295,0.32633755486092,1,0,0,"A"
1,8,4.64911713607324,0.644157139323925,1,1,0,"A"
0,7,3.66697784635427,-0.531605833022592,1,1,1,"A"
1,6,3.06197555647011,0.184787449313146,0,1,1,"C"
0,10,1.89349844281415,0.763475101204015,0,1,0,"A"
0,8,4.76566396255086,3.28203549254462,1,0,1,"B"
0,4,2.85153591109249,-0.700174198307781,1,0,1,"A"
1,7,1.72079500117993,0.235356296881539,0,0,0,"A"
0,8,5.18187371144421,-0.839382206141993,1,1,1,"A"
0,4,3.91491421465174,0.325339706160816,1,0,1,"B"
1,9,2.60075345010616,1.56992210852411,1,1,0,"A"
0,1,4.59100234580883,2.98770015199669,1,0,1,"A"
1,10,3.12581777700944,-1.22533473541732,0,1,1,"B"
0,1,2.9607745267772,0.798900209963411,0,0,0,"A"
1,7,4.92552471320383,3.26827542052829,0,1,0,"C"
0,4,4.78968116069427,0.402444633379491,0,1,0,"B"
1,8,5.92922514998071,4.57001186168408,1,0,1,"B"
0,4,3.42164868383705,-0.677142418356914,0,0,0,"B"
1,2,4.75618784059974,-0.172864557512062,0,1,1,"A"
1,7,2.16284947794963,0.560795783143743,1,1,0,"A"
1,1,3.86660492249807,-1.0897385968985,0,1,1,"B"
1,1,2.22053827554998,0.456463750542024,1,1,0,"A"
1,6,0.842806551929286,-0.822097345961951,1,0,0,"A"
1,5,3.93230355484829,3.08581290370548,1,0,1,"B"
1,8,4.97988679159278,4.85891460641104,1,0,1,"C"
0,1,3.71580334046931,2.63042353109854,1,0,1,"B"
1,7,3.49658303226499,-0.649239033542375,0,1,1,"A"
1,8,3.79175741022628,-1.61694318915178,0,0,1,"B"
1,1,1.00266918608621,0.306568074606586,1,1,0,"B"
0,4,3.12001554148107,-1.39696435213331,1,0,1,"B"
0,5,4.30269880068477,-0.66862792614181,1,0,1,"B"
0,8,2.88487429401751,1.47636404723963,0,0,0,"A"
0,9,3.34756325730763,-0.970927851257461,1,0,0,"B"
1,6,3.91328035037745,-0.868875953749281,1,0,1,"B"
1,6,2.93501160738593,0.251603902711324,1,1,0,"A"
0,2,3.40911138414509,3.1905879749803,1,0,1,"B"
1,8,4.88003172084928,4.28002631551592,1,0,1,"B"
1,7,5.60933016867105,1.25894151247213,0,1,1,"B"
0,4,1.12906972408628,-0.810118825158192,1,1,0,"A"
1,4,3.54750124688944,-0.712339693886072,1,0,1,"B"
1,9,2.87503984659467,-0.3485861498213,0,1,1,"C"
0,8,3.40806478425622,3.18780304325648,1,0,1,"C"
0,7,3.94684004192057,-7.83821315417481e-05,1,0,1,"A"
0,10,1.8732219714421,-0.284552971398992,0,1,0,"B"
0,3,5.76200174139287,3.24549098220491,1,0,1,"B"
1,10,4.88457783917208,5.44275744957727,0,0,0,"A"
0,10,3.58135769282693,-0.514167045293581,0,0,1,"B"
1,4,5.47548555643739,0.0901577257932846,1,0,1,"B"
1,7,3.31976752698575,2.22008468934506,1,1,0,"A"
0,3,6.01308531928627,1.56730807760057,1,0,1,"C"
0,1,4.18766161040111,-0.148233745655797,0,0,0,"B"
1,1,1.64398389900128,-1.68482149748598,0,1,1,"B"
1,6,4.4646125169324,4.19167828813508,0,0,1,"B"
1,8,2.78200968366152,-0.394040031141907,1,0,1,"B"
1,8,2.39362151893124,-0.756174683128016,0,1,1,"A"
0,2,2.75887053844692,0.403722231103921,1,0,0,"A"
0,6,2.16152397592584,-1.27490025530504,1,1,0,"B"
0,5,3.55098248777783,-0.462623823420775,0,0,0,"B"
0,7,3.1346342794204,-0.130704134109328,0,1,0,"B"
1,4,0.936608069694428,-0.423769098514674,1,1,0,"A"
1,6,2.94358600632088,-0.268847317083921,1,0,1,"A"
0,5,2.61019386057606,-1.30377422801958,1,0,1,"A"
1,9,3.82985437013805,2.98951086371101,1,0,1,"C"
1,5,2.57239483785358,0.0238901258744705,0,1,1,"B"
1,8,5.96468705630018,1.13409185312359,0,1,1,"B"
1,7,4.26806439554604,0.128842548302785,1,0,1,"A"
0,10,2.32875867860911,-0.850595549525447,0,0,0,"A"
0,10,4.84759842901334,-0.961017560475344,0,1,1,"B"
0,10,4.29759104276331,1.57211297569255,0,1,1,"A"
0,5,3.6106499778202,2.66268579720102,1,0,1,"C"
1,8,3.92752284313588,3.84113997088821,1,0,1,"C"
0,10,5.11272623221298,0.347098737544576,1,0,0,"A"
1,7,3.36328587080274,1.18692269540348,1,1,0,"A"
1,7,2.98897826087674,1.0819752371746,0,0,1,"A"
1,2,2.74664556564652,-1.6663499457451,0,1,1,"B"
0,9,2.01763300608146,0.95963218846849,0,0,1,"A"
0,6,4.25706157442227,3.90506483852451,1,0,1,"B"
1,5,5.39855144730302,0.900749592280384,0,0,1,"A"
1,7,3.28026128546915,-2.25763378266199,0,1,1,"A"
1,8,3.7403058317497,-1.50269713057352,0,1,0,"B"
0,9,4.28995402034292,0.321809757026845,0,1,0,"C"
0,1,2.55360231483956,0.591825261407034,0,1,1,"A"
0,7,4.73872860765735,1.86815159171712,1,0,0,"B"
1,3,4.07427440117451,0.289220651393858,0,1,1,"B"
1,7,5.71097215909219,4.49748064287339,0,0,0,"B"
0,7,3.33796378709542,-0.358147119047728,1,0,0,"B"
1,7,4.84883583549919,-0.944018427931611,0,1,1,"A"
1,5,1.52349527515727,-0.97097197854199,1,1,0,"A"
1,1,4.39102435129642,0.106945829882039,0,1,0,"B"
0,10,4.5418333312849,4.20095599997227,0,0,0,"B"
1,1,3.50670992221727,-0.481456343868174,0,0,0,"B"
0,3,4.75105886968282,3.57197544618997,1,0,1,"B"
0,9,4.07203331607269,-1.49105202176052,1,0,0,"B"
1,1,2.41124913563741,1.02844410147111,1,1,0,"A"
1,10,3.81112087480298,-0.239396446862818,1,0,1,"B"
0,2,3.77952996500654,2.67992835055103,1,0,1,"C"
1,6,4.97433910013794,0.002429327575385,1,0,1,"B"
1,3,3.44940931122381,-1.41119727259054,1,0,1,"B"
0,1,3.20905633319919,2.86062817765194,1,0,1,"A"
1,7,2.57917542274069,-3.15249195580482,0,1,1,"B"
0,3,3.60387176908985,0.812672405921268,1,0,0,"B"
1,1,5.38694201643666,-0.146006971053841,0,1,1,"A"
1,9,3.92398931453713,-1.39571660973313,0,1,1,"B"
0,2,4.01581067541681,0.471085602471789,0,1,0,"B"
0,8,5.46834096386688,3.76253704479619,1,0,1,"B"
0,6,6.71270288795916,2.7295894209348,1,0,0,"A"
0,4,5.32195766137918,0.491592285256146,1,0,0,"C"
1,5,3.70400508855545,1.93629485422336,1,0,1,"C"
1,9,2.58701170144756,0.109305346992247,0,1,1,"A"
1,5,2.46967695838993,-0.71530599329488,0,1,1,"B"
1,6,4.40454192572401,0.257843063069605,0,1,1,"C"
1,6,4.0409732195182,-0.294159574617944,1,0,1,"B"
0,3,2.71314425332317,1.45635887103861,1,0,1,"B"
1,2,4.67813221843942,4.89063183514136,0,0,0,"B"
0,10,5.06914540660873,-0.714963948768018,0,0,0,"B"
1,1,2.51698764300444,-0.138406629763856,0,0,0,"A"
0,9,3.4619121865862,2.34461848007377,1,0,1,"B"
1,6,4.4472141132907,4.09670673546246,1,0,1,"B"
0,2,3.89476786567567,2.78665295610504,1,0,1,"B"
1,9,1.55904651338155,0.172442331828662,1,1,0,"B"
0,1,2.18775620144855,-0.876547073997116,0,0,0,"C"
1,5,4.94623597847789,3.0287460340482,0,1,1,"B"
0,9,2.16736064094221,0.700082743347653,1,0,0,"B"
1,3,1.84181153762756,-1.05400366987913,1,1,0,"A"
1,3,3.30985608448211,-0.874786850918887,1,0,1,"A"
1,3,2.67582671382389,-1.06337595055895,0,1,0,"B"
1,7,5.08458200498666,0.655957596695755,0,0,0,"B"
1,3,2.57412377487743,0.321991595035117,1,1,0,"A"
1,5,1.14479706676283,1.15931417986872,0,0,0,"A"
0,7,5.07668834064075,1.34989092358367,1,0,1,"A"
0,5,4.26166517570831,0.11143530984094,1,0,1,"B"
0,2,4.41702563253676,-0.187210038394092,0,1,0,"C"
1,9,4.1189164088847,-1.1715808698079,1,0,1,"B"
1,8,3.66425963585494,-0.213826626323718,0,1,1,"C"
1,7,6.1542632647631,3.95722328309932,1,0,1,"A"
0,10,1.91983820799294,-0.206076627873526,1,0,0,"A"
1,8,6.71621709047658,5.90512601450658,1,0,1,"C"
0,3,4.13236504330734,-0.704958529403423,1,1,1,"C"
1,5,4.47644757567616,4.3333996063337,1,1,1,"C"
0,2,2.31771438979072,0.469392818323899,0,0,1,"B"
1,3,3.83078345927309,-1.6568190480372,0,1,1,"A"
1,3,2.90579804253376,0.643981052703475,1,1,0,"C"
1,3,1.20228336202662,-0.180392764342259,1,1,0,"A"
0,8,4.21060870513702,3.50786832536738,1,0,1,"B"
0,10,4.48956707403979,0.541632880253155,0,0,1,"A"
0,4,5.01379699860529,0.944523308194994,0,1,0,"A"
0,9,3.90831764865181,-1.11288450231833,1,0,1,"A"
0,9,2.23240879094921,0.571951365278252,0,0,1,"B"
0,4,5.90636200517844,0.6585973621507,1,0,1,"A"
0,4,4.59082239623177,0.612084352056115,0,1,1,"C"
1,4,3.78408030025384,4.32774512903192,1,1,1,"B"
0,4,4.01709857727415,1.72971434036165,1,0,1,"B"
1,1,6.05168299753448,3.92967526966489,0,1,0,"B"
1,3,2.609379797721,-1.5930687697352,0,1,1,"A"
0,8,3.38827485870936,-1.63260549506623,0,0,0,"B"
0,4,3.93835242205073,-1.12213621984714,1,0,1,"C"
0,10,3.83558000162362,2.82415678571458,0,0,1,"C"
1,2,4.81396698943495,3.68672385854738,1,0,1,"C"
1,4,1.30591981451555,-0.688426723201778,1,1,0,"A"
0,4,4.23242026642911,-2.48617616303768,1,0,1,"B"
0,9,3.58900126452752,0.21423192923086,1,0,1,"B"
1,2,2.92059467551802,2.04432139867292,1,1,0,"A"
0,9,3.86852544909137,2.81350731056689,1,0,1,"B"
1,4,4.24873740899907,-0.279201653769734,0,1,1,"B"
0,9,5.91030015751353,2.0934126424509,1,0,1,"B"
1,2,4.2910831589286,4.57204084992441,1,0,1,"A"
1,5,3.73625757697748,3.57426130336185,0,0,1,"B"
1,4,3.85675744774409,-1.33311679552222,1,0,1,"B"
0,1,-0.0742282414208746,-0.947259098635413,0,0,1,"A"
0,4,2.47196318934965,1.22349070272826,1,1,0,"A"
0,10,4.31356695909234,0.124340777004997,1,0,0,"A"
0,7,5.59741013215214,4.92864358430166,1,0,1,"B"
1,3,4.70875424096097,-0.730450093384706,0,1,1,"A"
1,3,2.08289818286712,-0.622536476556057,0,1,1,"A"
0,10,3.29965735863538,-0.4620045335848,1,0,1,"C"
1,1,5.99452657835878,4.60650654965348,1,0,1,"C"
0,9,5.44766619574175,4.9151811176451,1,0,1,"B"
1,6,-0.327274427214458,-0.197912203726076,0,1,0,"C"
0,10,4.67202710826906,0.771878520447337,0,0,1,"B"
1,6,3.30197777745574,-0.133404197035197,0,1,1,"B"
0,5,2.90991465311449,0.889995597493608,0,0,0,"A"
0,1,4.52129321602044,2.85170778062767,1,0,1,"A"
1,4,4.39076689117733,1.64527055650122,1,1,0,"B"
1,4,4.5987661031033,-0.848324360361892,0,1,1,"A"
0,7,4.3460272855205,4.64144076083131,1,0,1,"B"
0,9,2.8294926235822,-0.81629468990247,0,0,0,"A"
1,10,4.1055432214554,0.0230949102982292,0,1,1,"B"
0,3,2.54268018299361,-0.0798196570161057,0,0,0,"A"
0,9,4.44878368781961,4.09195306846562,1,0,1,"B"
0,1,4.92525527684124,4.07865216415503,1,0,1,"B"
0,3,3.97923696218103,3.14627715241976,0,1,1,"B"
0,5,4.8449911561694,3.96923677278457,1,0,1,"C"
0,4,4.4381191296625,-0.213502183650779,1,0,1,"C"
0,1,4.08911693081545,-0.0877560156393245,1,0,0,"B"
1,8,2.97937198153673,1.22733600358389,1,1,0,"A"
1,6,2.52319631913578,-1.98561089346382,0,1,1,"C"
1,3,3.51073246677957,2.63068701083395,0,0,1,"B"
1,9,0.0123502493325154,0.720820071355652,1,1,0,"A"
0,3,0.99946468680487,0.406234619167255,0,0,1,"A"
1,3,1.39764816068951,0.221344166477119,1,1,0,"A"
0,5,3.07082780253528,2.95228027121815,1,0,1,"C"
0,10,5.36696548302513,2.02451719437024,1,1,1,"A"
0,4,4.22939691811805,-0.24971984925072,0,1,1,"C"
0,10,3.88004823979373,2.19910183733937,1,0,1,"B"
1,3,4.95472587301154,-0.0557031603848863,0,1,1,"B"
0,9,4.29614468595973,-0.262572715102608,0,0,0,"C"
1,6,3.16103823857682,-0.0849601581668398,1,1,0,"A"
0,5,3.63133305346459,-0.0176407720936953,1,1,1,"A"
0,9,6.28889877602765,-0.145404076755877,0,0,1,"A"
1,8,2.28458442549619,-1.39793921561162,0,1,1,"A"
1,5,3.78161918670386,3.82623405508033,1,0,1,"B"
1,8,3.79486895939428,-0.802764520059971,0,1,1,"C"
1,3,3.93645241759262,0.901835093879653,1,1,0,"A"
0,7,1.89111321861202,1.59557886290972,0,0,0,"C"
0,2,2.13349081887709,-0.986094388372257,1,0,0,"A"
1,2,1.78882845078614,-1.12354594895776,0,1,0,"C"
1,9,3.50346982619173,-0.266458416812021,0,1,1,"C"
1,1,4.88390896525012,-0.282708380842922,0,1,1,"A"
0,5,3.02767078939245,-1.41543963029276,1,0,1,"A"
0,8,4.08513442179493,3.59091396216773,1,0,1,"B"
0,3,2.05248089649873,0.527562408647666,0,0,1,"A"
1,6,3.97324671982593,3.0541347990748,1,0,1,"B"
0,8,5.56919172350909,3.42271997442225,1,0,1,"B"
1,1,1.86284567385448,-0.864800195832026,1,1,0,"B"
1,6,3.83916156853143,3.6499351849295,0,0,0,"B"
1,6,-0.0519472109154537,-1.46521733445798,1,1,0,"A"
1,2,2.99885797952477,1.86434480820386,1,1,0,"A"
0,10,5.26820587697255,4.89728615110494,1,0,1,"B"
1,6,5.38450256963721,-1.03176920166153,0,0,0,"A"
1,1,3.91251827247967,3.80983889798846,0,0,0,"B"
1,7,2.66433841940394,-0.703050116050327,1,1,0,"B"
1,8,5.18837948000566,0.726488619564375,0,1,1,"B"
1,10,2.78700956530477,2.45213501921426,1,1,0,"A"
0,3,2.78437004255318,2.53670289078011,1,0,1,"B"
1,7,3.32576151883887,2.11050061583556,1,0,1,"B"
0,8,4.03986499635696,-0.504923575214108,1,0,1,"B"
1,6,3.46330027165643,2.26363350983379,1,0,1,"B"
0,4,4.26667109004395,0.0154136664054982,0,0,1,"C"
1,6,0.692370906544392,-0.549148028315114,1,1,0,"A"
1,10,3.22070651860408,-1.77729216748758,0,1,1,"B"
1,4,3.37718836740564,-0.964385481237703,0,1,1,"A"
1,5,5.3146558777898,4.26863980014409,1,0,1,"B"
0,3,3.11168988097733,-1.35411274376499,0,1,1,"A"
1,6,6.08134444900147,0.742329407156843,0,1,1,"C"
1,10,3.11465522928934,2.38259196176866,1,1,1,"A"
0,9,4.09530298101416,0.670000849936121,1,0,0,"C"
0,3,4.63474504700828,3.40498633968121,1,0,1,"C"
0,2,3.30587560578343,0.53001245535436,0,0,0,"A"
0,7,4.5101034550566,-0.16353739779664,0,1,0,"B"
0,3,3.84473845311973,3.8827408582645,1,0,1,"B"
0,9,4.00737696418618,0.647950016434451,1,1,1,"A"
1,2,1.91737225857858,-0.649194063780354,0,1,0,"B"
1,5,1.78014182409179,2.74972526141415,1,0,1,"A"
0,6,4.71435948129625,0.705558540152782,1,0,0,"B"
1,8,4.24241716854782,0.688150230239673,1,0,1,"B"
0,7,4.38720965832857,0.538833878941001,1,0,1,"B"
1,4,4.23996678638843,-0.89370160062912,1,1,1,"B"
0,10,5.2705225770967,4.24010182007387,1,0,1,"B"
0,8,2.81555402568686,0.318510396662601,0,0,1,"A"
1,8,4.65175758872099,3.1121514043708,0,1,0,"B"
0,10,5.73356889022565,2.07965275786028,0,0,0,"B"
1,8,4.89837904019913,3.91185073912346,1,0,1,"B"
1,1,3.62085049769509,2.87790064528988,1,0,1,"B"
0,4,3.71473288209019,1.94934190280292,1,1,1,"B"
1,7,2.94314457327236,-0.849258615467752,0,1,1,"B"
0,1,3.51787098327952,-0.0977762862427527,0,0,0,"B"
0,4,5.45193791847955,4.29861651263191,1,0,1,"B"
0,2,6.8403845318137,4.12332157562363,1,0,1,"A"
1,2,4.28850449561321,-0.0242601854891617,0,1,1,"B"
0,10,3.35985561364435,3.35623180762826,1,0,1,"C"
1,7,2.36038936695472,0.506196586133388,1,0,0,"A"
1,2,1.12796450990296,-0.158489376008496,1,1,0,"A"
1,9,1.09281692561968,-0.650530491730806,1,1,0,"C"
0,8,4.28683659506721,-0.46441336128969,1,0,0,"A"
1,6,4.4474218202679,-1.29551603608985,0,1,1,"C"
0,7,4.50339148364602,-0.800481068087898,1,0,1,"C"
1,1,3.14474899657907,-0.149784302733939,0,1,1,"A"
0,5,4.51459932695033,1.45586112040032,1,0,1,"A"
1,7,3.86647614341636,0.138345477759661,0,1,1,"A"
1,1,4.05508597725751,-0.282851330223713,0,1,1,"C"
1,9,4.28244418606819,0.81442667300453,0,1,1,"C"
0,7,5.03836708382521,-0.159488736701076,1,0,1,"A"
1,8,5.24110573417873,2.22830582930943,1,0,1,"B"
0,7,6.17572413919861,0.310764676396662,0,0,0,"B"
0,8,4.9485808398181,4.46205405044854,1,0,1,"B"
0,6,4.84892107908789,2.87194453825678,1,0,1,"B"
1,7,3.42106102519426,-1.05032141387859,0,1,1,"B"
0,5,4.77967772936034,1.49415696784303,1,0,1,"A"
0,8,3.4063021357251,-0.00539109739436333,1,0,1,"A"
0,8,4.9346198922692,-0.459037031255817,1,0,1,"A"
1,10,4.2651517502856,-1.8459634250571,0,1,1,"A"
1,8,4.30144887971827,1.64330785996279,1,1,0,"A"
0,10,4.87806180587641,1.38194098522699,0,1,1,"C"
1,4,1.51160939532746,-0.0118149000590281,1,1,0,"A"
0,5,2.43226985618131,0.535321727381176,1,0,0,"B"
0,9,5.35214070118243,0.942506132407406,1,0,1,"B"
1,2,5.89640743565536,0.677272906197577,0,1,1,"B"
1,10,4.82233860459646,0.107486369145518,0,0,1,"B"
1,4,3.38297133915774,3.33888038613599,0,0,1,"C"
0,2,0.453727331563836,-0.797723983011754,0,0,0,"A"
0,10,4.93997617728049,-0.0379018958120741,0,1,0,"C"
1,6,4.21931694064298,-0.950617784580447,0,0,1,"B"
0,8,3.66408199999632,3.48121335518819,1,0,1,"B"
1,1,1.70635163569272,0.237437374757666,0,1,0,"A"
1,7,5.6542047345386,4.18963673989422,1,0,0,"C"
0,6,2.94269749143525,1.74469090133041,1,1,1,"A"
0,2,4.69188947681553,0.773519510370844,1,0,1,"C"
1,6,3.32330733867715,-0.179530021096286,0,1,1,"A"
1,9,1.04135616570635,-0.380819393392008,1,1,0,"A"
0,5,3.64506233033809,-0.0243087252351156,1,0,1,"B"
1,2,4.50451118668182,-1.35292670665908,0,1,1,"A"
0,9,3.95141941895346,0.751447958821822,0,1,0,"B"
0,4,5.40112910918683,5.43027527102564,0,0,0,"B"
0,9,3.94630560918618,4.37621230833515,1,1,1,"C"
1,4,4.29319691540311,2.74312019042249,1,0,1,"A"
0,9,2.75776648564668,-1.50048422241776,0,0,0,"B"
0,10,4.52372798200865,-0.0533641678309098,1,0,1,"C"
1,5,3.94663207081092,2.54876930397605,1,0,1,"B"
0,2,3.62438211425725,-0.154321098950723,1,0,1,"B"
0,9,4.36919438745452,-0.509137635098002,1,0,0,"C"
1,7,4.84976620036129,-1.76448178312511,1,0,1,"B"
1,3,1.33066363622218,0.419859394846254,1,1,0,"A"
1,6,3.47762471520235,0.723591300018346,1,0,1,"A"
1,4,2.26340112640502,1.78071729429451,1,1,0,"A"
1,8,2.85629785510733,-0.00155566677513408,0,1,1,"B"
1,4,0.739603747805873,0.630372170996274,1,1,0,"C"
0,2,3.39123682426257,1.24694142426093,1,1,0,"B"
1,5,2.99850960770633,3.22626476584324,1,1,1,"C"
1,8,4.08640004776305,2.71720829098496,0,1,0,"C"
1,8,4.43046758448428,0.164340618421462,0,0,0,"B"
0,1,4.03923923142125,0.478313685259855,1,1,1,"B"
0,1,3.66854874128412,-0.402736696480218,0,1,0,"B"
1,9,3.80922587645282,1.30776901281571,0,1,0,"A"
0,6,3.60282428556851,0.686379048044877,1,1,0,"A"
0,1,4.85595673851141,3.13018791124569,0,0,1,"B"
1,5,3.20690612819012,1.89400150270767,0,1,1,"B"
1,3,2.20132400107055,-1.13926023460023,0,1,1,"C"
0,1,4.31758606164624,2.96592678221436,1,1,1,"B"
0,3,5.09423555851374,4.72059701330863,1,0,1,"B"
1,6,4.0134659471174,1.93077536134037,1,0,1,"C"
1,6,5.1298707440613,-0.353698358227356,0,1,0,"B"
0,9,5.03251792500689,4.04110985374603,1,0,1,"C"
0,9,1.86914142533432,-0.0800189834191022,1,0,0,"B"
1,2,4.8614423443778,3.75904800094778,0,0,1,"B"
1,6,3.16632879097729,-0.438944037183604,0,1,1,"B"
0,10,4.53684918287757,3.91001432272772,1,0,1,"B"
1,8,4.65839736262169,0.226414722449235,1,1,1,"A"
1,8,1.85845816071394,0.0205461385814072,1,1,0,"A"
1,9,3.93918194213753,-0.12600917253648,0,1,1,"B"
0,3,1.85029783616417,0.968533418444506,1,0,0,"A"
0,4,6.07631955387849,3.10204334198816,1,0,1,"B"
0,7,5.36516742098775,3.03535994320404,1,0,1,"B"
1,10,4.52568295148156,1.45331180033815,0,0,1,"B"
0,1,4.80954581192268,-1.36580571063575,1,0,1,"C"
1,1,2.943904056165,0.0941077496408383,0,1,1,"B"
0,5,3.21695680470009,0.269915757520468,1,1,0,"B"
1,3,2.62975257587375,0.474686005974816,1,0,1,"B"
1,3,1.31160848611058,-0.0759906035295295,1,1,0,"B"
0,1,4.09773595461223,1.8892979127565,1,0,1,"A"
1,2,3.55953241792342,3.38355148477866,0,1,1,"B"
1,6,5.07969133613454,-0.642961316945059,0,1,1,"B"
1,5,2.84800109949318,0.356100904647434,0,1,1,"A"
1,6,3.84473442250578,0.711171047167842,0,1,1,"B"
0,7,4.24532120862123,4.80874154736868,1,0,1,"A"
0,1,4.59197338252025,0.185133669221719,1,0,1,"A"
0,2,3.97295926000142,1.24214953800976,0,1,0,"C"
0,4,4.24035922723805,0.840510483640277,1,0,1,"B"
1,7,5.48710646386072,5.49936420203866,1,1,1,"C"
1,5,3.66423744363652,1.44129211771533,1,1,0,"C"
0,9,4.03129073016197,2.64667155333244,1,0,1,"B"
0,7,3.63744644813728,3.34332500481766,1,1,0,"A"
1,6,1.39445109906164,0.95664305435969,0,1,0,"B"
0,4,4.31146486010778,0.627929781942966,1,0,1,"B"
1,5,4.20149412168026,0.640611220330666,0,1,1,"B"
0,4,2.08155602300371,-0.903903338519783,1,1,0,"B"
1,9,3.29965444900068,-0.0345986450844536,0,1,1,"B"
1,8,3.87772559773098,-0.318978855591044,0,0,1,"A"
1,9,3.24164268083692,0.994401687381375,0,1,1,"B"
1,9,4.77150967845792,0.924988886277025,0,1,1,"C"
0,1,3.47435307320136,-2.23083038672044,1,0,1,"B"
1,5,4.60415393081914,3.63305201752309,1,0,1,"A"
0,9,5.80891987932996,5.87118418113141,1,0,1,"B"
1,3,4.58610098794848,-0.491991593742294,0,1,1,"B"
0,7,6.39907674989003,4.67814749442918,1,1,1,"B"
1,1,1.28400609667443,0.000410847881602172,1,1,0,"A"
1,6,2.87996779551832,1.32595845151782,1,1,0,"C"
0,2,2.08287671108734,0.696616408181912,0,0,1,"B"
0,2,1.3540349288368,-1.65248716149827,1,0,0,"A"
1,10,1.88121458405912,-0.601538686064744,1,1,0,"A"
0,10,6.628577328817,4.66603347272432,1,0,1,"B"
1,4,5.98372240770742,2.10087780026849,0,1,1,"B"
1,5,5.62205759400895,4.39400312890017,0,0,0,"A"
1,6,4.11950316034637,1.31719870330336,0,1,0,"A"
1,6,2.71066962881079,0.951093244529594,1,1,0,"A"
1,8,5.00745899411468,0.792664228008787,1,0,1,"B"
1,2,4.72922767012291,4.23027070278396,0,0,0,"C"
1,4,4.31916994761563,-0.928366489931111,0,1,1,"B"
1,6,5.0560110255488,0.118440050621983,1,0,1,"A"
1,1,6.13461559122201,5.46378341918633,1,0,1,"B"
1,5,2.94193965174613,0.0641797491649586,0,1,1,"A"
0,5,5.31589891700685,3.71403332134767,0,1,1,"B"
0,8,2.9674985141841,2.22173803326467,1,0,1,"C"
1,1,4.91577169561695,4.38644345797071,0,1,0,"C"
0,10,3.61110178046788,2.60600711188578,1,1,1,"C"
0,9,5.14083319715836,-0.05521552068226,1,0,0,"C"
0,4,3.44480359793967,1.61586890941573,1,0,1,"B"
1,2,4.09137036824913,-0.0898653905453178,1,0,1,"B"
1,9,4.74192867856187,4.37078392688609,0,1,1,"C"
1,7,0.325301062025147,-0.563656620066868,1,1,0,"C"
1,9,4.86947177847301,4.38102672965607,1,0,1,"B"
0,10,4.57666308132543,3.23555731672302,1,0,1,"B"
1,2,1.15169548859604,-2.21568819401787,1,0,1,"B"
1,3,4.60105453421956,-0.379779807370118,0,0,1,"A"
1,10,4.6778543151521,0.79414583173605,0,1,1,"C"
