"y","level","x1","x2","D1","D2","D3","V1","V2"
1,2,4.09805151744966,-5.04367323917097,0,1,0,1,2
1,9,5.73915320584894,-3.68334397885593,1,0,1,2,1
1,10,1.82606617650572,-1.30814322213977,1,1,0,1,1
1,9,4.00922552046096,6.08042767420101,0,1,0,2,2
1,1,2.17514860525739,-6.03200616132469,1,0,0,1,2
1,7,7.62659283357779,-4.87496126035137,1,0,1,1,1
1,1,3.1124427745854,0.794508690214439,0,0,0,3,1
1,6,1.43194804021535,-0.781251047011514,0,0,1,1,1
1,4,0.460167962032587,0.0574898352615617,0,1,0,1,1
0,1,5.27709490227933,5.06030873949912,0,0,0,2,1
1,10,8.64276878156617,4.52865198405787,0,1,1,2,2
1,4,2.26831391662709,1.21567387315856,1,1,0,1,1
0,5,3.98617738078914,-4.50392213603183,1,0,1,1,2
0,10,1.57735178375692,-0.0568922406097654,1,1,1,1,2
0,8,3.16270735420151,7.98203845648638,1,0,0,2,1
1,8,5.82511430578818,-5.89651496401541,1,0,1,1,2
1,8,1.45957598056138,-2.37132354468007,1,0,0,2,2
0,1,7.70294089882055,-3.72014163044899,1,0,1,1,1
0,10,8.00217241607153,-3.3127137462058,1,0,1,1,1
0,2,3.35942947959986,3.5700884662068,0,1,0,1,2
1,10,4.95306222535092,-4.08527263193737,1,0,1,1,2
1,10,5.47837641780668,-3.8808019800478,0,1,1,2,2
0,7,7.41815344929573,-3.16071920509217,1,0,1,1,2
0,1,5.03237838258177,4.08656189375611,1,1,0,3,1
1,10,4.65789061683727,-6.68035520896887,0,1,0,2,2
1,8,3.52362208024918,-3.86279479613775,1,0,0,2,1
0,1,5.7521271425266,5.36042789073226,1,1,1,3,1
0,6,1.70505233105962,-5.77633516616354,1,0,1,1,1
1,6,3.46897292251326,7.35194909090027,0,0,0,2,1
0,2,2.85736410418165,-5.1755282407856,0,0,0,2,2
1,10,5.762978884468,6.6281453711848,1,1,0,3,1
0,1,3.6333071114486,-3.96921403547974,1,0,1,1,1
1,10,3.2460523481749,-3.71533932367781,1,0,1,1,2
1,4,4.15650504497737,6.6715268919603,1,0,1,2,2
1,1,4.13417917226597,-4.54633543408797,1,0,1,2,2
1,1,2.57406470910927,8.20537039855889,1,0,1,2,2
1,10,2.1181008317902,-3.14720833806397,0,1,1,3,2
1,5,5.21398292321191,4.07920506832421,0,0,0,2,2
1,8,2.71948774034639,-5.45768224361461,1,0,1,1,1
0,8,2.15803280612123,-3.11989018429793,1,1,0,1,1
0,7,6.13587689927663,3.44689480706335,1,0,1,2,2
1,2,6.10216466417915,-4.10194941508044,1,0,1,3,2
0,6,7.29470152733625,-1.98345534760808,0,1,1,2,1
0,5,5.59473328797551,0.257556821185668,1,1,1,2,1
1,6,4.91700335849754,-5.00824522272384,1,0,0,3,2
1,1,2.41130670434443,-5.03848265515884,1,0,1,2,2
0,3,7.49842373449695,-1.35010631009468,1,0,1,2,2
0,8,3.49529781208377,2.47265465963339,0,0,1,1,2
1,10,5.51447767619226,-5.30681834365155,1,0,1,2,2
1,9,2.44035756274786,-4.88611192890706,1,0,0,1,1
1,2,2.41392525435287,-1.27242099924158,0,0,1,2,1
0,3,4.64746592739766,4.3970650433317,1,0,1,1,1
1,8,4.68646575752668,5.79877861466154,0,0,1,2,2
1,9,6.13557239408066,-2.96249125771769,1,0,1,1,2
1,3,7.579268601638,1.78313648058311,0,1,1,2,2
1,7,1.14827131079921,-6.09183556033715,1,0,1,2,2
0,10,7.53196786562815,-2.19602615266159,1,0,1,2,1
1,5,6.00079688586322,4.57101053415707,1,1,1,2,2
0,2,0.140207449715342,-3.46402752472429,0,1,0,2,1
1,8,2.94157775235411,-5.64714625352341,0,1,1,3,2
0,8,6.39317749493069,-3.50814039969225,1,0,1,3,1
1,7,4.25935472837849,-4.50271484456434,1,0,1,2,1
0,5,3.23835106401848,-5.62214424433018,0,0,0,2,1
1,2,4.14128770845082,-4.48480765126631,1,0,1,2,2
0,3,4.13339863855358,-6.8338172662089,0,0,1,1,2
1,4,2.19862472753781,-5.79191029607141,0,1,0,2,1
1,6,7.03303192591491,2.92360589671673,1,1,0,2,2
1,1,3.17426053557133,-3.90630882631862,1,0,1,2,2
0,3,3.61360154643408,1.54460997716025,1,1,0,2,2
1,3,0.422803176979443,-5.30416844044826,1,0,1,2,1
1,2,4.71225034495617,6.87079845794865,0,1,0,2,2
0,8,6.07726108354916,4.02218209254929,1,0,1,2,1
1,9,1.93140848137909,0.0911850366381486,1,1,0,2,1
1,9,2.91704223293453,0.0585242593331332,1,0,0,1,2
0,6,2.99244536673982,3.66900492049668,0,1,1,1,2
1,4,2.41013749577012,-2.61321514902924,1,0,1,1,2
0,7,6.21838331999427,3.43005117782347,0,1,1,2,2
1,7,2.11978751650477,-5.1533287945463,1,0,1,2,1
1,5,0.793523438888869,-3.71493696027438,1,0,1,2,2
0,5,7.97901543602571,-4.50711914572286,1,0,1,1,2
1,1,6.06646522770221,-4.19913674475966,1,0,1,3,2
1,10,6.62404248750045,3.92461145613604,0,1,0,2,1
0,7,5.84133035364668,3.65784171229908,1,1,0,2,1
0,8,1.90720604164764,-1.34791506508403,0,1,0,1,2
0,4,5.74325754979128,-3.04675624260686,1,0,1,2,1
0,2,5.85458977053484,5.67132780228744,0,1,1,2,1
0,9,5.94549341513002,1.30879298335418,0,1,0,2,2
1,3,0.972828848294905,-5.73183813489334,1,0,1,2,2
1,4,4.56256567729562,-3.68334778501695,1,0,1,2,2
1,4,3.54091640451199,-3.67908180039404,0,1,1,1,2
0,6,5.48528795280868,-2.36253061674768,0,0,0,1,2
1,5,1.44086116308134,-1.4255588649907,1,1,0,1,1
1,2,4.12428321207791,4.32561117876202,1,0,1,3,2
0,6,7.19608450466693,2.64444926533038,1,0,1,3,1
1,1,2.81587812080585,-7.95531526166898,1,0,1,1,2
0,2,6.57457257408447,-2.61665154948652,1,0,1,2,1
0,10,2.09018196236279,0.579439873093009,0,0,1,2,2
0,10,5.63894443575114,-5.33137025474302,0,0,0,3,1
1,6,3.46075238631333,7.43570067196169,1,1,0,2,1
0,10,3.81031373076316,-3.82512903805229,0,1,1,2,2
1,8,5.29604368124045,-4.09039139565537,1,0,0,2,2
1,2,6.39079459093662,4.66755031841335,0,1,1,1,2
1,8,3.13218790129037,-3.89451931947621,0,1,0,1,2
1,4,4.86504063558992,-4.83999131174996,1,0,0,2,2
1,2,4.21874446700409,-5.75810128966361,1,0,1,2,2
0,1,4.77343386849415,4.30133494175449,0,1,0,2,1
0,10,7.82624331365029,-2.21799359683926,1,0,1,1,1
0,9,1.74522928033607,-4.82942220624547,0,1,1,2,1
0,5,2.30539219043794,1.79594202295308,1,1,0,1,2
1,3,6.5757110921001,-5.2603041798949,1,0,1,2,2
0,1,1.97621282006191,-0.499404848798479,1,0,0,2,2
0,3,2.38098172104309,-3.87220666410515,1,0,1,2,1
1,9,6.58884158119576,-2.09447077575313,1,0,1,1,2
0,4,2.17305227106778,0.367168620178132,0,1,0,1,2
0,2,4.85095952833111,4.88381135314408,0,1,0,1,1
0,1,5.96608900442336,4.56044219554005,1,0,1,3,2
1,10,3.60195729019402,9.25006377038122,1,0,0,2,1
1,10,4.51844790304383,7.30019802859418,1,1,1,2,1
1,4,6.57157768963898,-2.44101920608422,1,0,1,1,2
1,2,3.12360657904612,-2.03432341947597,1,0,1,3,2
1,10,5.83227789915086,3.57003008509041,1,0,1,2,2
1,8,3.06198395389332,0.569271644323563,0,0,1,1,1
0,7,1.81993446468064,1.68573674486492,1,1,1,1,2
1,5,2.05876681624904,1.04606870324637,0,1,0,3,1
1,9,4.06254185316467,-6.91929709385547,1,0,1,1,1
0,2,5.05324116668987,3.87204024658908,1,1,0,2,2
0,7,2.06231477778788,-1.29340091236247,0,0,1,1,2
1,2,6.81091983802245,-6.58327018229674,1,0,1,1,2
1,5,6.25322003913745,5.09491028753435,0,1,0,2,1
0,6,5.35513913796058,-5.20645489546169,0,1,1,2,1
1,6,5.83188326133262,3.62342547987858,1,0,0,2,2
0,3,5.36335863691657,-3.66905947900068,0,1,0,1,1
1,5,3.81558625080376,6.6336815969574,0,1,0,2,1
1,9,3.15569322035615,5.33971412626721,0,1,1,3,2
1,7,4.65653730026649,-4.37529251441143,1,0,1,2,2
0,6,6.48304131020372,-3.92035236661052,1,0,1,2,1
0,9,7.2404385313311,-2.7267771551407,0,0,0,2,2
0,9,3.74818539807555,5.79038212675589,0,0,0,2,1
1,6,4.9644369636503,7.96234832039584,0,1,1,2,1
1,5,5.69987619709834,-3.67686292537889,1,0,1,2,2
1,8,5.75950606368495,3.20411622468801,0,0,0,2,2
0,9,4.32985576329845,6.28929477719576,0,0,1,1,1
1,8,4.84600056132841,-4.91498376748025,1,0,1,2,2
0,6,4.28834791247588,-3.48308379922481,1,0,1,2,1
1,9,2.9071274780353,-2.84098671911025,1,0,1,2,2
1,1,3.16879387952523,-3.10617324903775,1,0,1,2,1
1,2,3.77233012124224,7.92680477268874,0,0,1,2,1
1,10,2.30894937034468,-7.59282420431203,1,0,1,2,2
0,1,3.23568593605738,-3.20613140299643,1,0,1,1,1
0,3,6.23356512012611,3.95775555734422,1,0,1,2,2
0,6,2.97127374281785,-5.12052326240612,0,1,1,2,2
1,4,3.3963635163022,-5.4442799714375,1,0,1,3,2
0,10,5.43732320487024,-5.15464890447787,1,0,1,2,2
1,1,1.95438329841425,3.80393089772859,1,1,0,3,1
0,10,3.56544451593438,-5.46211587948889,1,0,1,1,1
1,7,0.692192104363525,-7.03782453122333,1,0,1,2,2
0,2,0.891315207473339,0.101364877089623,1,1,0,2,2
1,4,2.56067248884769,5.8486039842121,0,1,1,3,2
1,7,5.85368200253058,4.99930460868783,1,0,0,2,2
1,10,2.25505895793836,-4.07855196776139,1,0,1,1,2
1,7,5.0341069955561,-5.20761298773615,1,0,1,1,2
1,10,6.29988122198574,5.00721065479306,1,0,0,2,2
1,7,6.23863578928905,-4.03494419856527,1,0,1,1,1
1,8,1.17895206008698,-3.14191153698307,1,0,1,1,1
1,6,4.92713821068551,-3.90888318197848,1,0,1,2,2
1,10,4.1907560599752,-4.35171442617647,1,0,1,2,2
1,7,5.57364604085383,-4.98808877021883,1,0,1,1,2
0,3,1.04544087842365,-0.274754359178914,0,0,1,3,2
0,9,5.4159056157856,8.24580427528557,1,1,1,2,2
1,7,3.52621755872766,-7.86653865859782,1,0,1,1,1
1,5,5.35116424714625,4.25604535287109,1,0,1,2,2
0,1,5.66015783604006,3.60581415600432,0,1,0,2,1
0,1,7.17217977368544,-2.57417264371653,1,0,1,2,2
0,5,1.67513126388025,0.811038894000727,0,1,1,2,2
0,2,3.55281520213131,3.36983690644376,1,1,1,3,1
0,2,4.60604691543995,2.88583326722362,0,0,0,2,1
1,7,2.36685496888233,3.03750392518998,0,0,1,1,1
1,7,5.63708527999115,-5.09531999142185,1,0,1,2,2
0,5,3.05252976031028,6.25898591155054,0,0,1,2,1
1,3,2.10613591374807,-0.976271852477288,0,1,0,2,1
0,1,5.83999509895507,-3.29590374794025,1,0,1,3,1
0,2,2.09966586453875,1.05960945022989,0,1,0,1,2
1,4,4.88576643613854,6.63293040187673,0,1,1,2,2
1,7,2.50095571325614,3.90245245207673,0,1,0,1,1
0,7,4.60937153269946,6.60691367466007,0,0,0,2,1
0,2,2.43336394330636,0.443645814964348,1,1,0,1,2
0,2,3.74976891899463,-4.08860187275494,0,1,1,2,1
0,3,6.43802056680683,5.56135454352441,1,1,1,2,1
1,8,4.40426818448212,-3.25674290643477,1,0,1,2,1
1,8,2.49808847881626,-3.99051586268629,1,0,1,2,1
1,4,6.8875041819455,3.40651772226941,0,1,0,2,2
1,4,3.95379216426925,-3.19142545410862,1,0,1,1,2
0,5,5.0542617717236,-3.09797382322824,1,0,1,1,1
1,4,1.75274313368611,-5.99740357562005,0,1,1,3,2
0,1,1.11695737169601,0.860057811544994,0,1,0,2,2
0,6,5.19855625040773,-2.61673769916865,0,1,1,2,2
0,1,2.2550168186373,-3.54221485918099,0,1,0,1,2
1,6,2.13100203983377,-0.301023485660537,0,0,1,2,2
0,6,0.947616209755696,-1.90759765834817,0,1,1,2,1
0,10,4.61336830896926,-4.08364571667724,1,0,1,3,1
1,5,4.75679622066915,-4.35132294635412,1,0,1,2,2
1,8,4.23141066408462,-2.75421971346407,1,0,1,3,2
1,3,6.4795758581691,-3.3148878956519,1,0,0,3,2
0,4,6.81332619430811,-2.10214904119718,1,0,1,1,1
1,7,1.67500114679164,-5.16671322103536,1,0,1,2,1
0,8,7.33544461443942,-5.07027788098872,0,1,1,3,1
0,6,3.1014638480493,-2.92761007315044,0,1,1,2,2
0,7,2.22816156725568,2.70360584593759,0,1,0,2,2
1,10,7.23944757170892,4.00658686895787,0,1,1,2,1
0,1,4.21033228815985,-5.02080333592045,1,0,1,2,1
1,10,3.54551134998741,-6.91428792904467,1,0,1,2,2
1,4,4.99450718146682,-5.31659955902843,1,0,1,2,2
1,10,3.24675033802928,-0.48456658183123,1,1,0,2,1
1,4,4.38813707943506,5.17083114239104,1,1,1,2,1
0,4,4.29692246928381,4.38837974609662,1,1,1,2,1
0,6,1.5854259695349,-3.50523949646102,1,0,1,2,1
0,6,4.89657696568852,-4.6201757982231,0,1,1,3,2
1,7,1.61865287714395,-0.0263703977111025,0,0,0,1,1
1,6,4.03068048573415,-2.91081740350663,1,0,1,3,2
0,6,2.66804707217429,-4.41474229141554,0,0,0,2,2
1,10,3.91772695993023,1.65727924849292,1,1,0,3,2
1,10,3.08604540220449,-5.64196582187983,1,0,1,1,2
1,1,6.14028878892077,-5.24344743431244,1,0,1,2,2
0,8,5.68774221290833,4.77921494890935,1,0,1,2,1
1,7,5.07779536150314,-3.79933455484735,0,1,0,2,1
1,3,4.95443670567838,-4.31081988772319,1,1,1,2,1
0,6,1.63242539275364,-3.61054438724843,0,0,0,1,2
1,10,1.87191649683391,-5.38872551776842,1,0,1,1,2
1,4,2.92548381082701,-4.49289542575124,1,0,1,3,2
1,8,5.42601010327969,8.13818131307759,0,1,0,2,1
1,9,2.28632890354274,-6.44397350445798,1,0,1,3,2
0,1,7.11030697672092,3.98559025699523,1,1,1,2,2
0,9,6.01966761781436,-3.91407565441882,1,0,1,3,2
1,6,4.13496612440029,-5.0910657734727,0,1,1,2,2
1,6,2.74304135738529,-5.60911739909025,1,0,1,2,2
0,8,3.15722113196585,-2.99810433926813,0,0,0,2,2
0,7,2.08375481538223,7.18874767309553,1,1,1,3,1
0,7,5.54852529337647,-3.04179299600633,1,0,1,1,1
1,10,2.59499196335532,-5.64109138417167,1,0,1,1,2
0,3,8.22529970060063,-2.68329352970718,1,0,1,3,1
1,8,3.11055944288778,-5.48651544618029,0,1,1,2,2
0,3,2.54854977033296,6.00653122952296,0,1,1,2,1
0,10,1.6633104685359,1.1461341291834,0,1,0,2,2
0,9,7.65738117645778,-3.77691963583273,0,1,0,2,2
0,6,5.76196869530668,-2.39590223375795,1,0,1,2,1
0,7,5.99459812371352,5.34754789207582,1,0,1,1,1
0,2,6.51100531326337,3.52107732042363,0,0,0,2,1
1,10,4.77817900904367,4.93370547997296,0,1,0,3,2
0,2,2.25429336329688,1.95571644767301,0,0,0,2,2
1,8,4.70682384124498,-5.36729823252174,1,0,1,3,2
1,10,1.41601605337896,-1.9486793223349,0,0,1,1,1
1,4,5.84973758952574,-5.35090845629424,1,0,0,1,2
0,2,2.28960818806714,2.06345184315547,1,1,1,1,2
0,7,2.12591476903192,-0.662986853336924,0,0,0,1,1
1,5,4.10476804378153,-4.96409750377505,1,0,0,3,2
1,9,5.34324622456441,-4.22644189850853,1,0,1,1,2
0,8,4.35210936670576,-3.91298456415974,0,1,0,1,1
1,7,4.81212413627083,-3.17571496033043,1,0,1,2,1
0,6,1.69093491885014,-1.27045023006104,1,1,0,1,2
1,2,3.81901659188112,-4.03039552115238,1,0,1,1,2
0,3,8.54878938143586,-1.90378027346062,1,0,0,3,1
1,3,1.55630841635797,-6.48961457339914,1,0,1,3,1
0,8,5.73993351336344,5.52237561408786,1,1,1,2,1
0,9,3.17093501377304,-3.67698438343741,0,0,1,2,1
1,10,2.21667274000938,-2.0191716274392,1,0,1,1,1
0,1,2.8550022087836,-7.66000043788257,1,0,1,2,1
1,5,1.32447281367738,-1.10103599551245,1,1,0,1,1
0,2,4.8123143473484,-3.17378226235314,1,0,1,2,1
0,8,3.62698287979706,-6.16982059390516,1,0,1,1,1
1,4,1.77578526788694,6.41875455652628,0,1,0,2,2
0,1,4.84608959102822,-6.05422005092025,0,1,1,2,2
0,6,4.52915104773035,-3.58427050189421,1,0,1,1,2
0,3,3.84327613519578,-6.31837115286899,0,1,1,1,1
0,5,5.59439972858309,-5.76926523936095,1,0,1,1,2
1,3,2.41165574101211,-7.41981666925723,1,0,1,3,2
0,10,5.31437415180953,1.17055115483278,1,0,0,2,1
1,8,3.65568769700215,-6.46670784302533,1,0,1,2,2
0,4,1.47571248388454,-1.96167766230538,1,1,0,1,2
0,6,5.82216595773291,2.82120644881391,1,1,1,2,2
0,6,5.51767073777558,-5.40863336576086,1,0,1,1,1
1,8,4.91200056788727,-6.03990700780704,1,0,1,2,1
1,2,2.79869240592027,-4.68708219009362,1,0,0,2,2
1,9,2.96817422895049,-5.81374023180026,1,0,1,3,1
1,9,2.60506016712522,7.51078717571706,1,1,1,2,2
1,2,6.49591550472989,5.65479673300486,0,1,1,2,2
1,4,2.36703744007053,-6.07916760891761,1,0,1,1,1
0,4,5.46476059220393,1.97640708645481,0,1,0,2,1
1,7,5.00869716341987,5.25046665442897,1,1,1,2,2
0,9,3.92859367079514,-5.90782241963561,1,0,1,1,2
0,10,4.25845723378943,-4.9229839830631,1,0,1,1,1
1,8,6.531128027298,-5.00616986602367,1,0,1,2,2
1,3,2.41713436306456,-6.50775476374083,1,0,1,2,2
1,3,5.23570047528746,5.6118283702967,1,0,1,2,2
1,2,6.38604985329085,6.74411459634994,1,1,1,2,2
1,2,3.83800481217044,-4.77479467748872,1,0,1,1,2
1,7,5.06073487837116,7.88801636202335,1,0,1,3,2
1,1,3.83572358781638,5.87056933996171,0,1,0,3,2
1,8,2.97198376672891,1.57184822495077,1,1,0,1,1
1,4,3.74272359100762,-4.52217351075871,1,0,1,1,1
0,8,3.29545019668805,-5.05549009703241,0,0,1,2,2
0,1,2.26611162953408,-6.7043039262465,0,0,0,1,1
0,1,4.53856807546551,-1.92795977880219,1,0,1,2,1
0,8,6.40158348024169,4.25899241009534,1,1,0,2,1
1,7,1.11161382383336,0.640725703706308,0,1,0,2,1
1,4,5.12228426556284,6.1495526581568,1,0,0,3,2
0,2,5.5527755762257,-2.45440907451433,0,1,1,2,1
1,10,3.04677666203935,-6.78023750711101,1,0,1,1,2
1,4,2.9673587247273,-6.63489962616176,1,0,1,2,1
0,8,8.12942494540965,-3.27713711850224,0,1,0,2,1
0,1,2.99108008255198,-5.53940890182673,1,0,1,2,1
1,1,4.55170605293984,5.37037046202814,0,1,0,2,2
1,4,4.16909109187995,-3.33258317412271,0,0,1,2,2
1,1,5.53828037279481,6.02390051718382,1,1,0,2,2
1,8,1.28093143558543,-1.53059731976041,1,0,0,1,1
0,1,5.84305633990115,5.07569550317741,0,1,0,2,1
1,8,0.0992679890779451,0.931995129141912,0,1,0,1,1
0,3,2.57452063362424,0.0940800125100596,1,0,0,1,2
1,6,4.22268624245526,6.44270634867895,1,0,1,2,2
1,8,1.33996824306378,1.6185411149148,0,0,0,1,1
1,5,4.94582147477037,-4.0005386814332,1,0,1,3,2
1,1,4.29636509245946,-4.81853827827186,1,0,1,1,2
1,8,3.37879664564952,-3.56397494900488,1,0,1,3,2
0,2,5.59559699776021,7.7706625644696,0,1,0,1,1
1,1,2.84968584759221,-4.92530924897453,1,0,1,1,2
1,4,2.73772310400063,-4.43696840346285,1,0,1,1,2
0,8,7.31332489314771,-3.50421490059692,1,0,1,1,1
0,6,7.23014651478054,-4.4444853217856,0,1,0,1,1
1,5,2.44905445761428,-0.323198872454166,1,1,1,2,2
1,9,5.02012023249544,-4.00074870624488,1,0,1,3,2
0,8,4.76024949856849,-4.15037168564349,1,0,1,1,1
1,4,5.34381663529398,2.88045897487168,0,1,1,2,2
0,4,4.05593742175117,-4.96987964456514,1,0,1,3,1
0,1,5.41202254108995,-4.86955383728006,1,0,1,2,1
1,8,2.75936425632629,1.27690129943964,1,0,1,1,1
1,8,7.03431632128039,1.90608546736019,0,0,0,2,2
0,1,3.6036843911429,-0.980718052250787,0,1,0,2,2
1,6,3.99102437663165,7.09575277389325,0,1,1,2,2
0,1,0.605143305488608,-2.0737571102851,0,1,1,1,2
1,10,2.86281462518428,1.39076107973192,0,0,1,1,2
1,3,1.78371219376658,-4.72664203786056,1,0,1,2,2
1,7,4.91135252782261,-4.05728745998743,0,1,1,2,1
1,2,3.1225914209833,-6.30126673799451,1,1,1,2,2
0,2,3.31170227720367,-3.37353577805712,1,0,1,1,1
0,7,4.68182306759181,-4.89999912233138,1,0,1,2,1
0,7,5.41040080189389,2.58710504809232,1,1,1,2,2
1,7,5.47481909708175,-3.78615359447888,1,0,1,3,2
0,3,2.01759965435292,-5.43077155828011,1,0,1,1,1
1,4,3.33006865887983,-2.65043042779255,0,1,1,2,2
1,8,6.38361120975038,-2.06109796321822,1,0,0,2,2
0,5,4.74193050996854,-4.08614574236312,0,1,0,2,2
1,6,4.01428614487842,-6.28042740538818,1,0,1,3,2
1,5,6.60678506257477,-4.51197951326754,1,0,1,2,2
0,4,4.78939103805296,2.66536467546865,1,1,1,2,1
0,1,5.17342653337302,2.53907705743949,1,1,1,3,1
0,9,3.81327059866434,-4.70320894144208,1,0,1,3,1
1,2,8.68266997531088,1.889042154244,0,1,0,3,2
1,1,0.952889517414002,-3.80672510672045,1,0,1,2,2
1,5,4.58464539271531,3.54827357311814,0,1,0,2,1
0,2,2.34016098298792,-3.7263957788329,1,0,1,1,1
1,9,1.15964302078065,2.96877529191948,1,1,0,2,2
0,8,4.51899603626667,-5.82599886154211,1,0,1,2,1
1,5,1.04603500766384,-6.24149862535873,1,0,0,2,2
1,5,2.42748712825304,-0.647128507040811,0,0,0,1,2
1,2,4.33209890505261,-3.62393389902866,1,0,1,1,2
0,1,4.85611122704593,-4.88146938254969,1,0,1,1,1
0,6,4.16022037818346,3.20526764014026,0,1,1,1,2
0,4,2.57252455674101,-3.42655353788979,1,0,1,2,1
1,10,3.97628146123099,-3.84577153653177,1,0,1,2,1
0,9,4.22059687777875,4.61550888250984,1,1,1,1,1
1,9,3.83903089587387,-5.20172909699563,1,0,1,2,1
0,1,1.15631985876885,-0.396382616281711,0,0,1,1,2
1,6,3.43721049257465,-3.1225212795047,1,0,1,1,2
1,5,5.79132004850673,3.90798058098575,1,1,0,2,1
0,10,2.21459284619199,0.261424469223127,0,1,0,1,2
1,7,2.80367542650853,1.61738628795484,1,1,0,1,1
1,7,1.55221578387621,-4.8089482505898,1,1,1,2,1
1,7,6.37599855447207,-5.01689850816122,1,0,1,1,2
1,9,3.50088715935819,0.217256066138178,0,1,0,3,1
1,5,3.34978400562711,-3.58381866110186,1,0,1,2,2
0,8,3.86846960656023,4.92545826833947,1,0,0,2,1
0,2,4.077357588635,-2.38874096512385,1,0,1,2,1
0,5,2.06948196921677,-6.73833178721974,1,0,1,3,1
0,1,3.75360209024502,-5.93815736219809,1,0,0,2,1
1,6,0.402166467749595,-4.94522220700894,1,0,1,1,2
0,9,6.19197891660931,-3.24170154792054,1,0,1,2,1
1,4,7.36863172036902,2.94279232386671,0,1,1,2,2
1,10,1.24299868602035,-1.27147564564476,1,0,0,1,1
0,9,4.63863821746459,5.75680356539937,0,1,1,2,1
0,1,5.94917368882604,3.11756580933473,0,1,1,3,1
1,10,7.89747144241534,3.86927708773905,1,0,1,2,1
0,7,2.39696589669714,-0.029298523440372,1,1,0,1,2
1,10,4.4626021139186,8.2106882787488,1,0,1,2,2
1,5,1.79112060082835,-0.246505858327269,0,0,1,1,1
1,7,5.66178888295452,-3.21136892674766,0,1,1,3,1
1,5,4.19436624840161,-4.19114106116431,1,0,0,2,2
1,7,5.88742049233141,5.1464337032641,1,1,1,2,2
1,6,7.28987656135322,-2.90993027722769,1,0,1,3,2
1,2,3.08121701638667,-5.05584359227207,0,1,1,1,2
0,1,4.56952389714825,-4.83335064923523,1,0,1,1,1
0,7,6.69137664724521,3.52791280654426,0,1,1,2,1
0,8,5.71944238305242,4.90087929280738,1,1,1,3,1
1,8,2.11407824311771,0.0275723487511454,1,0,0,1,1
0,6,4.62782986252876,-3.75603146566656,1,0,1,3,1
0,6,5.0312300829352,-2.52305855546408,0,1,1,2,2
0,6,2.48767735846204,0.397836190583987,1,1,0,1,2
1,9,5.26571225238093,4.93877638220468,0,1,0,3,2
0,3,3.77412136202711,5.24690394027767,1,1,0,3,2
0,6,2.07163009546089,-3.20717442299496,1,0,1,1,1
0,6,6.34627895305236,2.28611459157085,0,0,1,2,1
0,9,7.62142882934673,3.1017014246908,0,0,0,2,2
0,8,2.72595830818336,-2.8024887036982,1,0,1,1,1
0,6,6.51413866877676,-4.28482606087537,1,0,1,1,1
1,10,4.81388234581816,-6.43110193206661,1,0,0,2,2
1,5,2.35681357830471,0.510435706860131,1,1,1,2,2
1,7,4.43393065149527,-4.19603084117531,1,0,1,2,1
1,6,7.18954794503406,2.43730418237707,1,1,1,2,2
1,4,4.94963255122707,2.8390050125408,0,1,0,2,2
1,9,0.824007791089622,0.348784862947101,0,0,0,1,2
1,1,2.5519812095059,-4.9562589131818,1,0,1,1,2
0,7,3.81262126306624,9.19361158755783,1,1,1,2,1
1,7,6.15776335657411,5.07445548940315,0,1,1,2,2
1,9,1.7603302978539,0.931278232986148,0,1,1,1,2
0,3,5.18413940079602,-4.29187504876121,1,0,1,2,1
1,1,3.62730929247858,-5.17893636858921,1,0,1,2,2
1,4,4.37153177771747,5.56772238375492,0,1,0,2,2
0,5,3.91988428678339,-4.16778346378,1,0,1,2,1
0,3,1.67040212239831,-0.871508329709132,0,1,0,1,1
1,3,5.66234696988483,-3.72591757461885,0,1,1,3,2
1,4,1.80917371198534,1.77016443847132,1,0,0,3,1
1,4,7.89112374247303,-4.25197387716847,1,0,1,2,2
1,7,0.232622807095745,-7.92240439117836,1,0,1,1,2
0,6,7.23568593131169,-4.69465479809789,0,0,0,2,2
1,2,5.97580795896446,2.21188708509914,0,1,0,3,2
1,5,6.46229909545678,6.14493073081708,1,0,0,2,2
0,7,2.60815887001579,1.93547991025437,1,1,0,1,2
0,7,6.49047828691553,2.83690587471045,0,0,1,2,2
1,7,4.75634231679815,-5.74507698230774,1,0,1,1,1
0,10,2.35653791260843,-5.26798318447953,0,1,1,1,2
0,1,5.25994821046268,2.88217256775809,1,1,0,2,2
0,5,1.13391222644761,-5.97732972727701,1,0,1,2,1
1,7,2.64862451329542,-3.42721743664682,1,0,1,3,1
0,6,5.03327000808282,-4.37135763982318,1,0,1,2,1
0,1,1.5312276959538,-1.83952809955573,0,1,1,2,2
1,10,4.57189969990981,7.58831874653305,0,1,1,3,2
1,3,6.30672680697326,-3.33184693220117,1,0,1,2,2
1,2,4.43978493722168,-5.81032493727457,1,1,1,3,2
1,6,5.49876955633286,6.30033911576756,1,1,1,2,2
1,6,3.01388761190919,-5.25482204908359,1,0,1,2,2
1,5,2.37489644395748,-2.44181758869971,1,0,0,3,1
1,10,2.88397356814865,-4.93158067481643,1,0,0,2,2
1,1,1.82773501766582,-5.99360823924038,1,0,1,3,2
1,10,0.998840580793393,-4.91843843903373,1,0,1,1,1
0,10,1.48355501873276,-4.84234096132168,1,0,1,1,1
0,8,1.43815892203199,-0.342580077564529,0,1,0,2,2
1,3,4.28666650422752,-4.81495398941239,0,1,0,1,2
1,7,2.52276093559915,-2.69739425020645,1,1,0,1,1
1,3,8.54624692971215,-4.40475351011207,1,0,1,1,2
0,4,6.13812848451013,-3.38430254664194,0,0,0,2,1
1,3,2.08130715439055,-5.71870224091783,0,1,1,2,2
1,9,6.04908759603206,-3.47365990365776,0,1,1,2,2
1,1,-0.0348786054560351,-0.0921733794608832,1,1,1,1,1
0,2,3.20344514575979,-0.395218266521544,1,1,0,1,2
0,3,3.45116852178703,1.19198778576391,1,1,0,1,2
0,9,9.24071762461624,1.77765241006287,0,0,0,2,1
1,7,3.82382991977146,-4.54983633967996,1,0,0,2,2
1,7,7.15373393980491,3.65291294563229,0,1,0,3,2
1,6,1.65648675934706,0.286014850199435,1,0,0,2,1
0,10,3.14702522004892,-2.64719816183101,1,0,1,3,1
0,4,7.04797870039032,1.34780058870902,0,1,1,2,1
1,5,3.01094583263292,-4.15564589081856,1,0,1,1,2
0,9,4.66154509008889,4.1355532185988,1,1,1,2,2
0,1,1.66805565829482,0.247045037888681,0,1,1,1,1
0,6,2.60692071609978,0.343492430044342,1,0,0,1,2
1,2,5.07683523677772,-3.83540342053487,1,0,1,1,2
1,7,4.99004111609859,-2.2101777566373,1,0,1,2,2
0,5,6.31277098478406,-3.29636319090991,0,0,0,2,1
0,5,5.09734687215142,-1.26894550440276,1,0,1,1,1
1,6,4.05491525170034,3.09976712288503,1,1,1,2,2
1,5,1.30896870060002,-0.675400288494757,0,1,1,1,1
1,4,1.78075753313583,-5.85530485349529,1,0,1,1,2
1,6,3.9514876619093,-3.90670580805594,1,0,1,1,2
1,2,3.09733590905084,-7.05271706079152,1,0,1,2,2
1,9,3.69874233229215,-6.38704827994387,0,1,1,1,2
1,5,3.56425494806155,6.24951482024733,0,1,0,2,2
1,10,7.05957831548305,6.69160750519035,1,0,1,2,1
1,6,6.02225008110761,2.35651269794523,1,0,1,2,2
1,3,5.64651245271427,5.8769206117656,1,0,1,2,2
0,1,4.07841331309888,4.27948595406589,0,0,1,3,1
0,1,5.94979390730523,2.20467608350846,0,0,0,2,1
0,3,2.97313443537505,-1.42094464846989,1,1,0,2,1
0,3,3.25437921490014,1.17650428265206,0,1,0,1,2
1,2,5.36659432406316,8.43088797310087,0,1,0,2,2
0,10,3.34777577439503,-5.820061198618,0,0,0,2,1
1,6,1.41619874990671,2.93799138497381,1,1,0,1,1
0,3,2.28155381254861,-5.22898896405952,0,0,1,3,1
1,3,2.98820043746527,-3.84218477256813,1,0,1,2,1
1,9,4.21865409534487,-2.21295093920787,1,0,1,2,2
1,1,2.44853463653119,-6.10970671827408,1,0,1,1,2
0,3,1.58541452711284,-0.344562454177635,1,1,0,1,2
0,6,2.23265519345952,-5.28886811482829,0,0,0,1,2
1,10,2.70307585674437,8.20600674563465,1,0,0,2,2
1,7,4.89470456772194,-4.34627687585089,1,0,0,3,1
1,3,2.11095094580271,2.62719910732507,1,0,0,1,1
0,1,-0.0707659126637963,0.840828096444964,1,1,0,1,2
1,6,0.795105965815524,0.000437565775773419,1,0,0,2,1
1,6,6.34154137542382,-2.79768571587159,1,0,1,3,2
1,3,1.93950481224137,-0.0417173152726197,1,1,0,1,1
0,3,1.73719128802151,-0.205927788818485,0,0,0,2,2
1,2,6.16980146873447,-4.44569609775306,1,0,1,3,2
1,10,6.78549236917062,3.09507620833431,1,1,1,2,2
1,2,5.44057150235637,-6.76254945927772,1,1,1,2,2
1,7,2.62883471308363,-2.9998438758349,0,1,1,3,2
1,2,0.833368279403086,-0.386183010255211,0,0,1,2,2
0,2,5.5391070304249,6.92796241284386,1,1,0,2,1
0,8,1.25632309168634,-1.24836632493299,1,1,0,1,2
0,7,2.84064679416799,1.23519146645729,1,1,0,1,2
1,10,6.6672350088336,3.5730292422989,1,0,1,2,1
0,9,5.44944678101949,4.47372938746047,0,1,0,1,2
1,5,2.76627608047223,5.33842509719899,1,0,1,2,2
0,2,5.83126441147729,-4.39571774300825,1,0,1,2,1
1,4,2.90649661100447,0.0888767129137681,0,0,1,1,1
0,4,3.72836107550526,3.28021610288729,1,1,1,3,1
0,3,1.71789689303497,-0.920511768126291,0,1,0,1,1
1,8,4.75216158616058,-4.54784674099651,1,0,1,1,2
1,8,7.21721288928026,0.775598359748806,0,1,1,2,2
0,6,2.47467961131107,-0.556766338723525,1,1,0,2,2
1,4,2.19746981392538,-5.65134031931499,1,0,0,2,1
0,5,8.17679981760099,-5.81671159449504,1,0,1,1,1
0,3,1.11917928132669,-1.35717931788671,0,1,0,1,1
1,1,0.660336737871367,-1.11015080204602,1,1,1,2,1
1,1,3.16651968612073,0.0409877353839174,1,0,0,1,1
1,1,4.08029458340132,5.71395030539184,1,1,0,2,1
1,4,0.898592529294144,-0.988642652320221,1,1,1,1,1
0,3,1.54993878569382,1.43962561807101,1,0,0,1,2
0,1,2.7291235536968,-3.28794154238535,1,0,1,2,1
1,1,5.48286016334989,2.807171581208,0,1,1,2,2
1,5,4.52381815684813,1.9806582214355,1,0,0,2,2
1,7,4.2674873170389,-5.21561953132813,1,0,0,3,1
1,1,4.28290487001472,-5.19571820581246,1,0,0,2,2
1,5,2.21047966050538,-0.598154601619272,1,1,0,1,1
1,8,5.10506463239365,-3.94261651568221,0,0,0,1,2
1,10,2.0382721795051,-5.86907006763088,0,1,1,2,2
0,1,1.33206344708353,-2.59552338480046,0,0,0,1,1
0,6,6.3316955362929,-3.96185199902046,1,0,0,1,2
1,5,4.86124888168238,-4.46486586478356,1,0,1,2,2
1,10,5.39549776093704,3.71655481760715,0,0,1,2,1
0,3,2.72116765991881,-6.03251019247549,1,0,1,1,1
1,7,0.196156367856329,-5.30361982777601,1,0,1,1,2
0,5,3.45439669469495,-2.00663837424104,1,0,1,2,1
0,4,1.10454519513384,-1.07317791551373,1,1,0,1,2
1,9,2.60543013925223,-6.18854210622948,0,1,1,3,2
1,2,5.12245002014251,3.56788341355414,1,0,1,3,2
0,6,4.03891235390055,6.16160547411897,0,1,0,2,1
1,4,5.87865694522969,-3.35762424167684,1,0,1,3,2
1,8,3.35393321843999,-2.97106080715583,1,0,1,2,1
1,2,6.00218231731949,-3.06404425803445,1,0,1,1,2
0,3,2.81997549072703,2.98826889603597,0,1,0,1,1
1,5,3.38749505053946,-3.01822082553443,0,1,1,2,2
0,10,3.35366454055592,-4.3609420117455,1,0,1,3,1
0,10,2.05678007600824,-1.47890309628876,1,0,0,3,2
0,5,3.90238660879116,-2.98241858603151,1,0,1,1,2
0,1,1.81731121885467,-2.79034921132304,0,1,0,1,2
1,10,4.23214075678421,3.69740295500589,0,1,0,2,1
1,3,0.238803015500377,-6.66502696838591,1,0,1,2,1
1,4,6.76487566901155,-4.46664971655485,1,0,1,3,2
0,3,1.60697989362424,0.00870865103339646,1,1,0,1,2
1,10,1.36658975985621,1.58134253199451,1,1,0,2,1
1,9,4.64903846352476,-3.07199401843572,0,1,1,3,2
1,7,3.40101294511548,-6.36456138447144,1,0,1,2,2
0,3,1.73742176574439,1.34439309093787,0,1,0,1,2
0,1,5.15740568323512,5.28140982464997,0,0,0,2,1
1,5,1.4200297146613,0.223106888006145,1,1,0,1,1
1,9,6.89058440303742,-5.91384826127427,1,0,1,2,1
0,1,2.80729414215886,0.38561132672879,0,1,1,1,2
0,8,2.65689935392365,5.07509664746628,1,1,0,2,1
0,10,4.61593220830483,5.52210182127128,1,0,1,1,1
0,6,4.40265059009253,-6.35339700034861,1,0,1,2,1
0,1,1.6323917600016,-4.91747245778508,1,0,1,2,1
1,6,3.75525655185346,-4.72178684546384,1,0,1,1,2
0,6,2.65883773179403,-5.43249166471766,1,0,1,1,1
1,7,4.4414151574596,-4.41489633158301,0,1,1,2,2
0,5,3.41040568427653,-3.59744028930258,1,0,1,2,1
0,3,2.42619072417931,-0.422070338469496,1,1,0,1,2
1,6,2.15671082620365,-4.19990690540177,1,0,1,2,2
1,10,5.04717486686759,3.81176251055095,0,1,1,2,1
0,7,6.97535596190897,1.28893158323811,0,0,1,2,1
0,1,6.68866383002143,-3.93074251370514,0,0,1,2,1
1,2,3.34955873521749,-7.04131136438619,1,0,1,3,1
1,9,2.48077809603812,0.909863688384932,1,1,0,1,2
1,9,5.20487233010219,6.45275209372891,0,0,1,2,2
0,2,5.32569897058476,4.04589561201552,1,0,1,2,1
1,8,3.68545915183374,-5.01664518238059,1,0,1,1,1
0,2,4.21310806362372,4.11049103293607,1,0,0,2,1
1,1,6.66498835423508,-6.23447968792285,1,0,1,2,2
0,2,5.10327910798525,-4.91354298828166,0,1,1,3,1
1,1,7.19641409978772,-3.30609620930797,1,0,1,2,2
0,3,1.91074107532466,2.77093656813983,0,0,0,1,1
0,5,5.92607169664963,-5.75506334895576,1,0,1,1,1
1,6,3.33588548298096,6.118955431111,1,1,1,2,2
1,9,0.715809459215391,-4.66961177815723,1,0,1,1,2
1,8,5.44694419119455,-5.59843774709916,1,0,1,3,2
1,2,4.03286639207977,5.37626929344615,0,1,0,3,2
0,2,4.12329769713825,-4.44694108203919,0,0,0,2,2
0,7,3.28432461431605,3.25208603372244,1,1,1,1,1
1,5,2.34337524804273,1.61362097116488,1,1,0,1,1
1,2,5.55576221776187,4.43834669982837,1,0,1,2,2
0,6,5.51450716699029,-2.8249936350351,1,0,1,2,1
0,8,7.80230186455421,1.05621361230211,1,0,1,3,1
0,5,3.19838580026782,-4.58215707543706,0,1,1,2,2
1,10,1.18231015799528,9.65674603903276,1,1,1,2,1
1,8,5.07806046372622,7.5773211548142,0,1,0,2,2
1,6,1.77328451659806,-1.5762385813451,0,1,0,1,1
0,10,2.10576354378561,-3.30115358327247,1,0,1,2,1
1,8,2.27110351708122,-4.07113843852438,1,0,1,1,2
1,6,5.55586366626157,-3.6808947683794,1,0,1,2,2
1,1,1.56061534729962,-5.01685765881302,0,1,1,2,2
0,2,6.0410873944779,-3.94320972766001,1,0,1,2,1
0,9,3.18525812632808,-6.20463056468592,1,0,1,1,1
1,9,1.40737133949026,-0.286651374708598,1,1,0,3,2
0,2,4.85186187440111,2.46149938736812,0,1,1,2,2
1,8,0.438420408494192,-5.27227498506713,1,0,1,2,2
0,8,2.1389644806538,-0.603842703545888,0,1,1,1,2
1,4,4.24694295572905,-5.85239798241702,1,1,1,2,2
1,7,1.40059343795468,1.20249519583991,1,0,0,1,1
1,6,-1.37777051748392,-7.86591126628512,1,0,1,1,2
0,4,2.43288975227929,-0.347910769982592,0,1,0,1,1
1,5,1.94127811599758,-1.66883102447504,0,1,1,3,1
1,7,6.90612946074084,-1.22196606189104,1,0,1,2,2
1,1,2.6070982043701,1.44809998171685,1,1,0,2,1
0,9,3.21180284176168,7.05890317795732,0,1,0,2,1
1,5,3.72809848734943,-6.76807381732723,1,0,1,3,2
1,8,5.90560181699709,-4.32091360204399,1,0,1,2,2
1,4,4.84446720581486,-3.29923338826321,0,1,1,2,1
1,3,0.713943644551156,-7.52885775962489,1,0,1,2,2
0,3,6.16584674219358,3.02346551430818,1,0,0,2,1
0,5,4.18512304151715,-3.94167036550048,0,0,1,2,2
0,3,1.18349248084717,-4.8859492045862,1,0,1,2,1
0,8,6.08819240852334,6.87401070689929,0,0,0,2,1
0,1,6.35676062891594,-2.22524019247922,1,0,0,2,2
1,1,1.78380881788695,-7.9710814396897,1,0,1,2,2
0,5,6.39733388077163,3.10748997148142,0,0,1,2,2
0,7,2.38964003169688,6.1569822129772,1,0,1,3,2
1,5,5.17965999966316,4.56201223099348,1,0,0,2,2
1,1,4.43108188856425,-4.59288013653977,1,0,1,1,2
0,2,5.4433975539877,-5.9074992321862,1,0,1,3,1
1,9,2.35102776140531,2.92615229155743,1,1,1,1,2
0,1,6.83041630091091,1.42926355096174,1,1,1,3,1
1,7,6.3925153736433,-3.8906982402438,1,0,1,3,2
1,3,2.9823193564026,-6.67394697231367,1,0,0,1,2
1,8,0.864797645511219,-4.55737954584984,0,1,1,2,1
1,4,7.03259473193457,3.28017570933812,1,1,0,2,2
0,8,1.11926223061007,-1.24983696154441,0,1,0,1,2
1,2,1.1619540678889,-6.48248725426424,1,0,1,2,2
1,3,2.1419247988086,-5.82662411489506,1,0,1,1,1
0,10,5.55644680756979,-4.22406806144615,1,0,1,1,2
1,10,3.69227387825558,-3.87993923279371,0,1,0,2,1
1,1,3.45088627475625,-4.27269328286023,1,0,1,1,2
1,3,4.53086624825977,-4.79403502504941,0,1,1,1,2
1,3,3.91996197766857,-5.46277073281651,1,0,1,1,1
1,7,4.3496445641948,-4.49494679515648,1,0,1,3,1
0,10,1.90074061777339,-4.88164195702586,1,0,1,2,1
0,1,3.67303337733015,-6.67760005362474,1,0,1,1,2
1,3,4.17415942030162,-4.06837287232213,1,0,1,2,2
0,3,7.09990554127483,1.66194154669772,1,1,1,2,2
0,1,3.52705161500086,-2.70220686527123,0,1,1,2,2
1,2,3.58369171067493,-2.38201982055857,0,1,1,1,2
1,8,3.90578047931378,-6.48596315992995,1,0,1,1,1
0,4,5.45805397957768,-2.49899954447211,0,1,1,1,2
1,4,4.29306785979912,5.24793791345166,0,1,0,2,2
0,10,3.10977707826711,4.19139215494793,1,1,1,1,2
1,9,5.8638281990487,-4.15993489248238,1,0,1,2,2
0,2,2.42510662647736,-3.16775984543324,1,1,0,2,2
0,6,1.41732520034611,0.304808296404463,0,0,0,2,2
0,3,5.16720188194306,2.96263671170903,0,1,0,2,1
1,7,2.51025656946502,-3.89015616852334,0,1,1,1,1
0,8,8.10554675596601,-2.5573219196458,1,0,1,2,1
1,9,1.70390328479519,-8.31613590749879,1,0,1,2,1
0,5,5.67377423995074,-1.58571923794175,1,0,1,2,2
1,9,1.59136585676908,-2.15491832408794,1,1,0,1,1
0,7,4.33340974859371,-4.59449028813028,0,1,0,2,1
0,3,2.55558203640815,1.42115297619874,0,1,1,1,1
0,3,5.61536138179601,4.79523152807125,0,1,1,1,1
1,4,4.90709142787914,6.80670295611872,0,0,0,3,2
0,3,4.87833874752157,-1.82340420320136,1,0,1,1,1
1,9,3.81710776300852,-2.75085790777935,0,1,1,3,2
0,5,3.58774149497473,-3.64645021034307,1,0,1,2,2
1,5,4.34227469576529,-4.06062489306033,1,0,1,1,2
1,10,1.75688444680831,-5.29522500939652,1,0,1,2,1
1,4,7.28824661809541,5.08934783060382,0,1,0,2,1
1,1,5.47078166824877,-3.30608296342274,1,0,1,2,2
0,6,2.05070654745481,-5.07049745622,1,0,1,1,1
0,9,4.76455880574304,-3.01854231197978,1,0,1,2,1
1,10,6.52915552728106,-4.39181565357246,0,1,1,1,2
1,6,3.555340086265,-5.42386858710122,1,0,1,1,2
0,9,2.89320108956947,8.32424070202134,0,1,1,3,1
0,1,1.76363260262833,-3.09395966676237,1,0,1,3,1
1,8,0.407836402748272,-4.17873273980175,1,1,1,2,2
1,8,2.64017660962758,-6.23519740190975,1,0,1,2,1
0,2,6.34968285443692,3.46511147334233,0,1,0,2,1
1,9,0.73452237793983,1.83581737096246,0,0,0,2,1
0,7,2.20409942446286,0.761363104575925,0,1,0,1,2
0,2,5.62964923896942,-3.46033134134921,0,0,1,2,2
1,10,3.92039550040936,5.1474999715563,0,1,0,3,2
0,9,3.37985302957659,-3.47648330154791,0,1,0,1,1
0,5,4.42252938520333,-4.18465231099941,1,0,1,3,1
0,9,5.61942688373349,-4.39201976455491,1,0,1,2,1
1,9,3.04060846830794,-7.29653618208068,1,0,1,1,2
0,10,1.42397265975952,-0.256455311300827,1,1,0,1,2
1,1,0.927606304137951,-6.39528313246148,1,0,1,2,2
1,4,6.25488929208177,-4.1970777204627,1,0,1,2,2
0,7,1.4720589595379,-2.02519732037624,0,1,1,2,2
1,4,4.7973515407766,-4.88389928434865,1,0,1,1,2
1,3,0.450521150272353,-5.068651220621,1,0,1,1,1
1,8,5.19878323119823,4.88819281446832,0,1,1,2,2
0,4,5.45065541391925,-3.3915051236917,0,0,0,2,1
0,3,3.8308061219417,-3.45988132380476,1,0,1,1,1
0,2,6.36768330291097,-5.6632745564845,0,1,0,1,2
1,7,6.6966201554139,-2.93279806440353,1,0,1,2,2
1,4,5.37724612323654,-5.97376498842357,1,0,1,2,2
0,9,5.50380319147506,-4.50559089606995,1,0,1,3,1
0,1,2.54159210511828,0.203645070562019,0,1,0,1,2
1,7,3.66808950994517,-3.97806503692776,0,0,1,1,2
0,7,5.13810753795581,3.50915195794724,0,0,1,1,2
1,6,8.34092443015216,4.48335959722481,1,0,0,2,2
1,8,6.84373644802291,-2.70677367704073,1,0,1,1,2
1,4,5.07996007489622,4.13739470694319,0,0,1,2,2
1,6,2.83906248928046,5.63655642579487,0,1,0,3,2
1,2,3.31127348030852,-1.5803288437073,1,0,0,2,1
1,1,6.9332459613347,4.98041495605519,1,0,1,2,2
0,1,3.75313765774861,-3.75709469937478,0,0,0,2,1
1,3,3.25063741928258,4.9420917596492,0,1,0,2,1
1,6,1.18057994913481,-0.979971792612779,0,1,1,1,1
0,3,5.58879069053787,-4.13438166175904,1,0,1,3,1
0,10,8.70730616166305,-0.752093388413808,0,1,1,3,1
1,10,5.08768323399584,7.97293175356113,1,0,1,2,2
1,4,2.24448987164096,0.606017613490593,0,0,1,1,1
1,7,4.34526139461164,5.75332012257492,1,0,0,3,2
0,5,3.48647593917471,-2.0145268689928,1,0,1,2,1
0,6,2.2578298559961,-1.03224432823495,1,0,0,1,2
1,1,2.7666317747157,-3.16103152972031,1,1,0,1,1
1,4,6.20404078272206,3.94815400105866,1,1,1,2,1
0,5,7.45831525360123,-4.47384900644138,1,0,1,3,2
0,8,6.01516166653513,3.35552816818529,0,1,0,2,1
1,4,4.20388968575726,-3.95923408921457,1,0,1,3,2
1,7,4.52406092969858,-2.55935102328109,1,0,0,1,2
0,1,6.59417800376253,-4.6515898395627,1,0,1,2,1
1,3,6.72869210459442,4.76555796640532,0,0,0,2,2
0,7,4.65511439287596,6.89852764545906,1,0,1,2,1
1,6,2.60484004638021,-2.97263842024304,1,1,1,1,1
1,9,2.45151679197545,2.17978190976952,0,1,0,1,1
0,1,5.33972991744985,-3.24479639816865,1,0,1,2,1
0,2,3.7546644687218,1.98869844896662,0,1,1,2,1
1,2,4.92831775940467,-5.12701110768975,1,0,0,1,2
1,6,7.21615432341777,-3.8918499776326,1,0,1,1,2
0,2,1.22408687926489,-5.63203043668099,0,1,1,3,1
0,1,2.15646502703818,-5.23193114381398,0,1,0,1,1
1,7,5.95168701905146,-1.68054870155034,1,0,1,1,2
0,3,3.08946470480409,0.839362392054509,1,1,0,2,2
1,4,-0.0605444549811107,6.54100039768217,1,0,1,1,1
0,2,3.56577810413957,4.28254552327815,1,0,1,2,1
1,7,2.60535981141228,-0.883981831128887,1,1,1,2,1
1,6,4.29683766650945,-5.51144350696817,1,0,1,2,2
0,3,5.18198464038358,5.32039816422467,1,1,0,2,1
1,9,4.10333527490622,-5.43460944574431,1,0,1,2,1
0,3,2.61334396127448,-0.232000685977901,0,1,1,1,2
1,4,4.2671618106957,5.00842611660318,0,0,0,2,1
1,6,4.11622501943239,5.63881874629693,0,1,0,2,1
1,10,1.43234755870574,0.791824622363588,0,0,0,2,1
1,9,4.01190810879904,-4.48690111154448,1,0,1,2,1
1,5,5.6343584125371,6.81692233672725,0,1,0,2,2
1,8,1.81667694857507,-1.67509616052556,1,0,0,1,1
1,3,3.85826163276814,-3.08826277427105,1,0,1,1,2
0,2,2.49698487774767,-3.83750725834368,1,0,1,2,1
1,10,3.01890184329272,6.06325995620109,0,0,0,2,1
1,1,4.90052238344799,-0.700770490580868,1,1,1,3,2
0,7,5.01277394891317,2.31197532946234,0,0,0,2,1
0,3,1.80068398904699,1.65972048757727,0,1,0,2,1
0,9,2.14850312862426,-3.25874155249974,0,0,0,2,1
0,9,3.8501724123389,6.73033153080944,0,1,1,3,1
1,10,7.05983806081574,5.65668721800519,0,1,1,2,1
0,8,1.40815607484725,-4.04182814748132,0,0,0,2,2
1,7,6.61984327935553,-3.46140931613173,1,1,1,3,1
1,4,0.278772665713881,-0.633662696221817,1,0,0,1,2
0,2,7.05063744869128,2.32879069909403,1,0,0,2,1
0,9,7.32459431772866,5.69845259678209,0,0,0,2,1
1,5,4.54044959182935,4.26046760173559,0,1,0,2,2
1,6,2.43075506725059,5.76854603501548,1,1,0,2,2
1,9,3.16309080790858,-1.48145748469339,0,0,1,1,1
1,8,4.48167797462225,3.84940833769191,1,1,0,2,2
0,2,6.57658494622095,0.143661567046988,0,1,1,1,2
1,9,5.78343787681648,6.66414526401788,0,1,0,3,1
0,1,7.55955360751907,3.18434649833491,1,0,1,3,2
1,8,2.29551388729956,3.00516057633944,1,1,0,2,1
0,3,4.15053840986659,-2.36778577544414,1,0,1,1,2
1,6,0.722340279428011,-1.206567346442,1,0,1,1,1
0,9,3.32693206060263,1.83812319217596,1,1,0,2,2
1,2,4.6885277437559,8.4526994932982,0,1,1,2,2
1,9,2.21374719999202,3.83346624386104,1,1,0,1,2
1,4,4.83759009644379,5.30053640319301,0,1,1,2,2
1,2,5.41127543761451,5.9229713027984,0,0,1,2,1
1,6,5.36469234099576,4.19572133270346,0,0,0,2,1
1,1,0.861867142069069,-9.61395186559475,1,0,1,2,2
0,9,4.96297707974929,7.13369758994766,1,0,0,2,1
1,2,6.11029687999024,4.4782175261577,0,0,1,2,2
0,6,3.14992850292568,-1.38780570896962,0,1,0,1,2
1,8,1.90611941287358,-0.538918472485527,1,1,0,1,1
1,7,6.35485244786932,2.98505534191261,0,0,0,2,2
0,7,2.7009183054143,-5.70741014753733,0,0,0,2,1
0,3,0.302531560275849,3.87981322544713,0,1,1,1,2
1,4,3.19909303526667,-4.40730334635221,1,0,1,2,1
0,9,6.3934294324112,3.67797503949696,1,1,0,3,1
0,1,5.0366480988045,-6.07487620141573,1,0,1,1,1
1,2,4.69718452235954,1.67894387317504,0,1,0,2,1
0,8,6.52985994926701,-4.49334212798228,0,0,1,2,1
1,6,1.22327892710237,-1.1801885530996,1,1,0,1,1
0,9,4.45705624179863,6.76685918991906,1,1,1,3,2
0,5,5.27429843808562,-6.29368072423077,1,0,1,2,1
1,7,4.31126078402419,-3.25309249304958,1,0,1,2,2
1,4,5.59694448233107,3.39223524066291,1,0,1,2,2
1,2,2.8719689829921,9.60450388795977,0,1,0,2,2
1,5,6.97181515372512,6.56581064458699,1,1,0,2,2
1,4,1.62558469996276,-0.775963013264575,0,1,0,3,1
0,4,3.90034497773863,-5.31225417510188,0,0,1,3,1
0,1,4.34110271102946,2.55657493609075,1,1,1,3,2
1,4,5.80268212989598,4.98611226423236,0,0,0,3,1
0,4,2.43035954543832,-1.1016351227857,0,1,1,2,2
1,3,4.96254225878759,-4.27961700906767,1,0,1,3,2
0,2,4.54259225291341,3.72618125558943,0,0,1,2,2
1,4,3.37193278202236,-6.77834040615199,1,0,1,2,2
0,1,5.19634622050692,2.9886264836559,1,1,1,3,2
0,9,7.84795979204133,-4.78430754918275,1,0,0,2,1
0,9,3.56930395493702,-5.5195140123472,1,0,1,1,1
0,1,4.67444390507672,-6.44326168608436,1,0,1,1,1
1,2,6.62912400956521,4.59603638374941,0,0,1,2,2
0,3,3.75141080193525,-4.65994868893361,0,0,1,1,2
1,5,2.46281226776248,-4.82651730252542,1,0,1,2,2
0,3,4.34314618586045,-2.17023847958326,0,1,1,2,1
1,9,1.48395531428053,-4.6890065619845,1,0,1,2,1
1,10,6.92289351847118,3.521446101842,1,0,0,3,1
1,4,2.94064485917466,-5.3513897781064,1,0,1,3,1
1,5,5.03022145683294,-4.89645968808855,1,0,1,2,2
1,4,4.91494944559203,-1.77057577406019,1,0,1,2,2
0,6,4.66050126857168,5.08384353223439,1,1,1,2,1
1,8,5.44863809916603,-4.66698233752624,1,0,0,2,2
1,7,4.24365490274521,-2.41907686265703,1,0,1,2,1
1,7,-0.633268094647042,-4.35554604109947,1,1,0,2,1
0,5,4.94057749656741,2.95288548517957,1,0,1,2,1
0,2,0.694952234710163,0.520715691307459,1,1,0,1,2
1,2,2.4553558276856,3.12614499825213,1,1,0,1,1
1,4,3.04268513568027,-5.82629196667172,1,0,1,2,1
1,5,3.14568136846743,-1.44836445093927,1,1,1,2,1
1,5,2.46733839394301,5.78916342560562,0,1,0,2,2
0,8,4.92979006029459,-4.27948171952271,0,0,1,1,1
0,8,6.675089914084,5.6380804182123,0,1,1,2,1
0,2,4.28961923995776,4.42285901347933,0,1,0,2,1
0,1,2.79280040968309,-0.0645274762942889,1,1,0,3,2
1,9,-0.465269965165288,-5.52887951596131,1,0,0,2,2
1,4,5.64085007206471,4.8143981967434,0,1,0,2,2
0,1,2.08954488112167,-4.56903765043876,0,0,1,3,1
1,9,2.17398578218939,-2.21030091202294,0,0,1,1,2
0,5,4.45936583182526,3.00375422113636,1,0,0,2,1
0,6,4.39450299279286,-4.74061595676122,1,0,1,1,1
1,9,1.71324901504371,0.156520863346615,0,0,1,1,2
1,4,3.68561846439435,-5.76517153122581,1,0,1,1,1
1,7,4.23509387824523,-3.8947679585059,1,0,1,1,2
1,9,5.14869520945343,4.52256045576065,0,1,0,3,2
1,10,6.29879420018178,2.60919401871322,0,1,1,2,1
0,1,3.98967362089942,6.67055455461997,0,0,0,3,1
0,5,6.61153458073994,-5.40412542421625,1,0,1,2,1
1,10,5.48473108874378,3.29805365475265,0,1,0,2,2
1,5,4.30558176546176,-3.8844289483074,1,0,1,1,2
1,7,5.71010931910252,-2.03691311325715,1,0,1,1,2
1,2,5.13143054812925,-4.14979637763788,1,0,1,2,2
1,7,3.55323492328936,-1.86272646820207,1,0,1,2,2
1,2,4.52299686262419,-5.94413408880932,1,0,1,3,2
1,3,0.956897246365082,-1.81090499013069,1,0,1,1,1
1,2,5.49820667086672,-2.81860480351896,1,0,1,1,2
1,7,4.94202905279855,-5.4342227022994,1,0,1,3,1
1,9,4.54029431366644,4.98150728982394,0,1,0,3,2
1,8,0.881310966733163,-0.968289817884311,0,1,1,2,1
1,10,1.83530656520337,1.78199845874749,1,0,1,1,1
1,9,4.08005777416232,5.42219905877065,0,1,0,2,2
1,5,5.62812214210016,1.33571508067246,0,0,1,2,2
0,10,8.74881703661313,5.20358017348021,1,0,1,2,1
1,10,2.3779304814146,0.294628351184857,1,1,1,1,1
0,3,2.79704364145749,-1.09124794651561,0,1,0,2,1
0,5,5.9601767706163,2.77338923575366,1,0,0,2,1
1,9,2.75245458590123,-3.53869453591548,1,0,1,3,2
1,7,5.96618918776149,4.67508384754147,0,1,0,2,1
1,2,3.06478806329177,5.56396154361637,1,0,0,2,2
1,3,8.14197332197459,-2.47660394994733,1,0,1,3,2
0,3,1.91145700933901,2.63697934314799,1,0,0,1,2
1,10,3.18999238063703,4.65633276652471,0,0,0,2,2
0,2,1.79015467328639,-6.92892684174091,1,0,1,2,1
0,6,4.0334777056058,-2.37730595365202,1,0,1,2,1
0,6,4.6918888072947,-3.3292672087043,1,0,1,1,1
0,1,3.30875838719019,-0.835009835128928,0,0,0,1,2
0,8,2.65528217148506,1.08589101312895,0,1,0,2,2
1,3,2.92583574728364,-7.14529677574122,1,0,1,1,2
0,6,7.48272535290042,0.876683122069461,1,1,1,3,1
1,3,2.06334464489347,-0.964172207961608,1,0,0,1,1
0,7,1.99954796601121,-1.63367804170829,1,1,0,2,2
0,2,1.30472301582272,-6.91831681466551,1,0,1,2,1
0,9,4.72523543116876,5.28490307107518,1,0,1,2,2
1,5,3.44978476559955,-3.86225342441419,1,0,1,1,2
0,3,5.37227732771558,-1.83631538700032,1,0,1,2,1
0,7,6.88003060403487,3.55189438594149,0,1,1,3,1
0,6,6.8987011899185,-3.71833352058103,0,0,1,3,1
1,4,3.34808457052695,-4.00715545597477,1,0,1,1,2
0,10,4.8931633955288,-6.55233169399109,1,0,1,2,1
1,7,4.84162941471473,-4.680397901247,1,0,1,1,2
1,9,2.54565426345776,-6.2021978180159,0,0,0,2,2
1,9,4.45195612019128,-3.59821944291353,1,0,1,1,2
1,3,2.31372662919274,-4.62300172628262,1,0,1,1,2
0,10,5.35140430641214,-3.97921504777725,0,1,1,2,1
1,8,4.57955434521478,-5.90531468156002,1,0,1,2,1
1,5,3.70808071023427,2.71529737073443,1,0,0,3,1
1,5,3.71350653718812,6.51769995023115,1,0,0,2,1
0,1,4.43610512072782,-6.66411986442025,1,0,1,2,1
1,10,2.24640263036913,1.07735170983004,0,1,0,1,1
1,4,5.05187322695059,-2.78069075917754,1,0,1,2,1
1,3,2.83151028687897,4.31349202947803,0,1,0,2,2
1,4,2.41390796738246,-5.19671643725658,0,1,1,3,1
1,4,4.38250931735347,3.70308032831473,0,1,1,2,2
0,6,5.2943656494369,2.91177043610561,1,1,0,2,1
0,1,2.04880342421013,2.33607217916048,0,0,0,1,2
0,9,6.4312120122136,2.77129450030835,1,1,0,2,1
1,4,5.95926997597933,3.75141523685201,0,1,0,2,2
0,10,6.12739350686651,-3.53285555185862,1,0,1,1,1
1,8,6.47828575963953,-6.17175502068409,1,0,1,2,2
1,10,1.04849548327131,1.29760709193859,0,0,0,1,1
1,3,4.18536333789429,-3.66122643900036,1,0,1,3,2
1,8,5.57490649797124,-2.65849919885907,1,0,1,3,2
0,3,3.67039649983899,-5.50961133354347,0,1,1,1,1
0,2,4.05215651011844,5.62817466889555,1,1,0,3,1
0,8,4.20286219565328,3.45096944425414,1,0,1,2,2
1,7,3.45284662598311,5.69116124046762,1,1,0,2,2
0,9,7.13660582595661,3.79851234468447,1,1,1,2,1
1,10,5.36449521752751,6.59490643998859,0,1,0,2,2
1,3,5.45417762401877,7.29757787292967,0,0,1,1,2
1,5,2.82737403491387,-2.80423305651275,1,0,1,2,2
0,3,4.52161327256422,2.39164308948781,1,0,1,2,2
0,4,7.17528977999884,2.13351070750153,0,0,0,2,1
1,7,2.35379951841988,-3.08434197555179,1,0,1,2,1
1,7,5.06334344580163,4.93692379604675,1,1,1,3,2
1,8,2.24785909647633,-0.649188922266421,1,0,0,3,2
0,8,5.47244041591477,-6.5165308543463,0,0,1,1,2
0,5,4.79046892527289,5.42485074136423,1,0,1,3,1
1,2,4.40628886513205,7.45061967479156,0,1,0,2,1
0,2,6.86671298437534,4.25878667890004,0,0,0,2,1
1,8,5.89495872929962,8.48199299089281,1,1,1,2,2
1,1,7.0519167381172,6.70122798760361,0,1,1,2,2
0,9,3.88989658281627,5.07909462016859,1,0,1,2,2
1,2,3.89269988750526,-4.74940051551373,1,0,1,3,2
1,7,4.23598303198537,-2.5799310221081,1,0,1,2,2
0,5,3.3727977429367,-4.57823892478974,1,0,1,2,1
1,2,4.14506165732456,-4.51355786545464,1,0,1,1,2
1,7,1.8997861276309,-5.2260292642,1,0,1,2,1
1,1,0.917607872177238,-3.82017162087473,1,0,1,1,2
1,8,4.45672725779385,-3.99359896486721,1,0,1,3,1
1,9,4.59103472576623,6.1681102043432,0,1,0,2,2
0,6,3.6812608238206,-3.79385803173419,1,0,0,3,1
0,3,2.07371712234437,-1.52374877868996,0,1,0,1,1
0,10,4.21887977854003,4.36537947737555,0,0,1,1,1
1,6,3.97384191293039,-7.53574311239023,1,0,1,2,2
1,3,4.52752075079653,6.83177741130296,0,1,1,3,2
0,5,5.57545230790285,-3.38935867596773,0,1,0,1,1
1,4,3.16914713721479,-5.54219757336968,1,0,1,2,2
1,9,-0.0725947937473772,-1.51652843989075,0,1,1,1,2
0,8,6.15634214388263,4.03260792242664,0,0,0,1,1
1,10,6.3884864335861,5.08027719102468,1,0,1,2,2
1,3,5.14491163049516,-3.77241554981613,1,0,1,2,2
0,5,5.21636508371271,-3.96623253882957,1,0,1,2,2
1,6,3.00519996035648,0.188549586277486,0,0,0,1,1
0,2,5.56842973262843,-4.14865231577985,0,1,0,1,2
0,8,6.43584439291097,3.79452372668004,0,1,0,2,1
0,3,1.73497962749609,0.493189185162542,0,1,1,1,2
1,6,5.93574552007253,-5.00296928725327,1,0,0,2,2
1,1,3.21165667256695,5.57109412355905,0,1,1,2,2
1,3,6.09869968434631,6.76701401292021,0,1,1,2,1
0,6,4.23956038507723,-2.42031033622739,1,0,1,2,2
1,1,1.89339101528858,-1.29113610058763,1,1,0,1,1
0,2,6.75082105645589,-2.28747655456871,0,1,1,3,2
1,6,6.08916449246294,6.44217859101292,1,1,0,2,1
1,10,5.41549153163073,3.76774941340063,0,1,1,1,1
1,2,1.88173372668487,-6.40686545555278,1,0,0,1,2
0,10,1.53395280441672,-6.18826159262088,0,1,1,1,2
0,3,3.77289466220336,-6.38248232115965,0,1,1,2,1
0,5,3.47217994434781,-6.08762088109661,1,0,1,3,1
1,3,1.37791884712693,-6.16949501092163,1,0,0,1,2
1,7,2.89416118823154,-4.11415659066742,0,1,1,2,1
1,6,4.09682783734727,6.78342891471439,1,0,1,2,1
0,3,1.59283770628909,0.059140499881517,0,1,1,1,1
0,6,5.78631705408607,4.80024371640142,0,0,0,2,1
0,2,2.37815652283447,0.578177714783647,0,1,0,1,1
0,1,3.38646429306356,6.0333336713065,0,1,0,2,1
1,6,4.30715095178223,-3.28748187844088,1,0,1,3,2
0,10,3.9726563251974,1.21555917608883,1,0,1,2,1
1,4,4.01161698844873,5.39251306383492,1,1,0,1,1
1,3,3.92509692731236,7.79841311518462,0,1,1,2,1
1,10,8.49368863492226,3.3016450030757,0,1,1,3,2
1,8,2.79099447049678,-4.68837605483421,0,1,1,1,2
1,10,1.2996297396396,-4.59971053659384,0,1,1,1,2
1,2,1.96487011269627,-5.12295119901925,1,0,1,2,1
0,6,4.90039548471396,-1.83351686693573,1,0,1,1,1
0,6,6.21328068704253,-3.5088299325212,1,0,1,1,2
0,9,4.19148272575302,4.70493092242102,1,0,1,2,1
1,9,8.73128886303974,-1.77973540149452,0,1,1,2,2
1,4,5.58727500385597,6.17338389610111,1,0,1,3,2
0,10,4.26224934289448,-6.41989068569812,1,0,1,1,1
0,8,3.34045184203632,5.31495298741696,0,1,1,2,1
1,9,4.38200500415584,7.39723938568307,0,0,0,3,2
1,7,2.79587853255374,-5.83784214434915,1,0,1,2,2
1,4,2.00087383556256,-5.33971958781429,1,0,1,1,2
1,4,3.60366461730713,-4.94913597946627,1,0,1,1,1
1,4,3.29595363520287,6.33138733181523,0,1,0,3,1
1,5,4.34415144372785,5.82032321140072,1,1,1,3,2
1,1,3.72637638887689,4.95902140045375,0,0,0,2,2
1,2,2.26773859246413,7.70895022517585,0,1,0,3,1
1,4,5.28406005269131,-4.46679178647075,1,0,1,2,2
0,1,2.61016666933514,1.56746202304342,1,1,0,1,1
1,8,4.20137731613139,-5.00341707727566,0,1,0,2,2
0,8,5.65692720678546,4.98040729915315,1,0,0,2,1
1,9,2.21882796484478,-1.29692677127346,1,1,1,2,1
0,5,7.10411537808899,4.74109943638845,0,1,0,2,1
1,10,3.67750333767064,6.31528040034671,0,1,1,2,2
0,6,5.11574768839151,-7.24079282347387,0,1,1,2,2
1,4,1.91354151198579,-6.78355016708056,1,0,1,1,1
1,3,3.13472049651784,6.14610612835836,1,1,0,2,2
1,2,4.9977747230868,-6.31506616961004,0,1,1,2,2
0,9,6.10399950301066,9.75569410430899,1,0,1,2,1
0,8,8.72569452602458,2.80412298074861,0,1,0,2,1
1,2,3.98295078384377,-5.612595371453,1,0,1,2,2
0,6,5.05501999978013,-4.674405244203,1,0,1,2,2
0,3,1.09790621949415,-0.443138266970793,0,0,0,1,2
0,8,5.24357202771905,-3.84253703672653,0,0,0,1,2
1,7,1.66119909791906,-5.71636670060784,0,1,0,3,2
0,2,3.89135114733303,-4.86374127974944,1,0,1,2,1
1,9,3.84001375725824,-4.86167584565427,1,0,1,1,1
1,3,2.76802965548771,-7.27185270853234,1,0,0,1,2
0,2,6.76573412935196,-4.89666314647511,0,0,1,3,2
0,1,10.0662206437234,-5.95039184173649,1,0,1,1,2
0,6,3.78025783164412,-4.7335655651031,0,1,0,2,1
1,7,5.67828752503565,-3.59061132523046,1,0,1,3,2
0,1,3.26091943884178,-5.15132186910478,1,0,0,2,2
1,10,0.885994935832072,-1.35992361764028,1,1,0,1,1
1,7,2.9822562276861,-4.54976440823604,1,0,1,2,2
0,6,6.63908869851869,3.83251475603043,1,0,1,3,1
0,6,6.56907179246863,2.74883690905051,1,0,1,2,1
1,2,4.74756301895687,-5.8869993847589,0,1,1,2,2
1,8,0.412681508006021,-7.11522227085221,1,0,1,2,2
1,1,3.07739692593466,6.2189170668935,0,0,0,1,1
1,5,6.64844069832012,3.34274205429965,0,0,0,3,1
0,2,3.70980734686231,-2.42515314810298,1,0,1,3,1
1,7,5.96775847551229,-4.29743373536197,0,0,0,1,2
0,6,2.41667915938746,4.26091987397847,1,0,1,1,1
1,10,3.42011467418586,-1.21036492865977,0,1,0,1,1
0,5,4.99878405449737,-4.16376273847476,1,0,1,3,1
0,6,5.43393503671288,-4.53226096006994,0,1,0,2,2
1,4,4.52902802364614,-3.23163197027079,0,1,1,2,1
0,7,2.88926998582708,7.06619437742339,1,1,0,2,1
1,3,5.06617935462203,-4.00410577477563,1,0,1,2,2
0,5,4.09627693740309,-3.3155651707796,1,0,0,3,1
1,3,7.02053372704211,7.40529815573734,1,1,0,2,1
0,7,4.4564747891451,-4.14195983415395,1,0,1,2,1
0,3,2.91279736462867,-3.46968229479907,1,0,1,2,1
1,6,0.0530334303009319,-5.7002196620618,1,0,1,2,2
1,7,6.87615325172498,-1.45935481333406,1,0,1,2,2
1,6,4.86316764183404,4.15773330715963,0,0,0,2,2
1,1,1.98630604090474,-1.29425822828192,1,1,0,2,1
1,10,0.644949011700788,-0.960704458052691,0,0,0,1,1
1,2,-1.02501218533006,-5.71391772183358,1,0,1,1,2
1,4,5.9000919041752,3.41448252489809,0,1,0,2,2
1,4,9.04720514178055,4.00470722169533,0,0,0,2,1
1,6,0.541291798815868,0.316021463286789,1,0,0,2,1
1,10,4.5621637660422,-6.17799697339266,1,0,1,2,1
1,1,3.82211260450472,-3.68189575406323,1,0,1,3,2
0,3,3.07697986336025,0.880771148887484,0,1,1,2,1
1,4,3.88517589373792,-3.47232759048046,1,0,1,2,1
0,2,6.48126794166855,-0.142292439354212,1,0,1,3,1
1,5,4.17841782563149,-3.48404456088808,1,0,1,3,2
1,10,5.93046522422291,-4.79060254362659,1,0,0,3,2
0,6,5.05893730305086,2.47708349808672,0,1,1,1,1
0,3,7.24812245450424,3.47185177637031,0,1,1,2,1
0,5,1.525478935266,-4.50369076765878,1,0,1,3,1
0,3,4.39438896539588,2.90982171305055,0,0,0,3,1
0,1,1.06308259137669,-8.09344841150834,1,0,1,1,1
1,10,5.47232236858262,4.21108133864698,0,0,0,2,1
1,10,2.12469454184369,-1.69426608982531,0,0,1,1,1
0,1,4.74155482058269,-4.9783399290848,0,1,1,2,1
0,10,2.40168408176365,1.90786243922383,0,1,1,1,2
1,2,5.35512695296576,-5.11334801133317,0,1,1,2,2
1,3,5.29804680936767,-5.87733719301826,1,0,1,1,2
1,5,1.5593564927478,-1.44680133104243,1,1,0,1,2
0,3,1.8425761541743,0.321139834845454,1,1,0,1,2
0,2,2.89171792781816,0.583086101338525,0,1,0,1,2
1,7,4.34702249430431,4.5936454754497,0,1,0,2,2
0,5,8.95187503669463,2.31523210771993,0,0,1,1,1
0,8,1.93785181774276,1.93444853733336,0,0,0,1,2
1,9,2.0827613622099,-4.78502935522899,1,0,1,2,1
0,6,5.65005878280871,-2.78747183540961,1,0,1,2,1
1,4,5.88522171804934,-5.01514417971474,1,0,1,2,2
0,5,4.27307768242898,6.47401852239533,0,1,0,2,1
1,9,4.08916279040345,-2.83482289035656,1,0,1,1,2
0,5,7.52400120082087,-3.72804173772243,1,0,1,2,1
0,4,0.779424955143495,0.582799062187485,0,1,0,2,2
1,4,4.8749434224218,-3.70389130936235,1,0,1,2,1
0,4,2.84571591439785,-4.28428038382683,0,0,1,2,1
1,3,5.42769424047519,6.80031758492156,0,1,0,2,2
0,5,2.91202593444535,-7.98258004185879,1,0,0,1,1
0,9,5.37155800364643,3.87545363424853,0,1,0,2,1
0,1,3.81480957895887,3.44842476461812,1,1,1,3,1
1,10,3.05840927553836,-0.0811460659611023,0,0,0,1,1
1,8,5.092793775073,6.30016998488819,1,1,1,2,2
1,8,2.39151024959667,0.449921117019362,1,1,0,2,2
0,6,5.56360756270323,-3.56185466532979,1,0,1,2,1
1,7,2.72129928648728,7.66521665770487,0,1,0,2,1
0,5,5.69641306815343,-1.11406393526559,1,0,1,1,1
1,6,4.76892160154952,7.67577095071277,1,1,0,2,1
1,2,6.20378931011028,3.17958979203625,1,1,1,2,2
0,9,1.41560265252113,-0.710512894941323,0,1,0,1,2
0,10,1.92383709167345,1.68286797158863,0,1,0,2,2
1,4,3.11628048664809,-3.92351178278966,1,0,1,1,1
1,8,1.81631417348129,0.853635981620387,0,1,0,2,1
0,2,2.61667281553433,3.45625801679734,1,1,1,2,1
0,1,1.47109520494789,0.0432857151619988,0,1,0,1,1
1,8,5.37735363091417,6.04496800085436,0,0,0,2,2
0,2,5.23961117538935,6.69771489610676,1,0,1,3,1
0,3,2.78138959076457,-4.72161659407943,1,0,1,2,1
0,8,3.37533750079201,6.72708453526834,0,1,1,2,1
0,4,2.49302968200948,3.67050955367578,1,1,0,2,2
1,4,3.98117759542149,6.33899171586944,0,0,1,2,2
1,8,2.257208903414,-4.96732863371752,1,0,1,3,1
1,10,3.83844795583036,-5.66043430301294,1,0,1,1,2
1,8,6.22236775825827,-5.43067683011883,1,0,1,2,2
1,2,5.46740215550908,3.38919595148783,0,1,1,1,2
0,6,2.44434598954532,-5.98098070924843,0,1,1,1,1
1,1,4.70727516268942,4.33404451771272,0,1,0,2,2
0,4,4.42576095836733,-5.13253129643266,0,0,0,1,1
1,5,2.04506384412454,0.68424089036715,1,1,1,1,2
0,3,3.25243376121967,-3.64875611459969,0,1,1,2,1
1,6,4.92623130498304,3.90597132069363,1,1,1,2,2
0,6,7.03695798444546,-1.27347093510859,0,0,0,1,2
1,3,4.72697046851869,5.04292950958836,0,1,0,1,1
0,9,4.52117435588479,6.48270526210194,0,0,0,3,1
0,4,1.880751502894,-2.01154008160563,0,1,1,3,2
0,8,2.52751115091912,0.445693119315085,0,1,0,1,2
1,5,0.782830022827901,0.570616261843499,0,0,0,2,1
1,6,2.32619507172413,2.89724859639668,1,0,1,1,1
1,10,2.82067662168386,-5.08999373963475,1,0,1,3,2
1,2,4.43123360152005,-5.0282875878923,1,0,0,2,2
0,7,6.50993740768428,2.37261253060244,1,1,0,2,1
0,4,4.82223104957833,5.48908491334124,1,0,0,2,1
0,5,3.86095749687213,-6.95994243695612,1,0,1,3,2
0,3,3.91395114154867,6.16370159418974,0,0,0,2,1
0,5,2.80165179342829,-5.07973726160333,1,0,1,3,1
0,7,5.88180636540243,3.13650954665164,0,1,0,2,1
0,1,5.56086131737052,2.18491114094263,0,1,1,2,1
0,9,6.05623963282312,-2.82540435400521,0,1,1,2,2
1,8,1.98763687064973,-5.23036582662442,1,0,1,2,2
0,9,6.22710337234751,-2.92374892292647,1,0,1,3,1
0,7,6.50348042679783,3.96963649746085,0,0,1,1,2
0,6,2.73761527266368,-3.85096925794993,1,0,1,1,2
1,7,4.86274477668135,-4.77255497980183,1,0,1,1,1
1,5,4.72437219114607,5.79456599602425,1,0,1,2,2
1,2,4.16537732762679,-2.8220806557172,1,0,1,2,2
1,3,2.94888524124331,6.24958218040608,0,0,0,2,1
0,3,6.53082400482506,5.83008790949364,0,1,0,2,1
0,10,4.33994890322943,-3.13167509311951,1,0,1,2,1
1,9,5.30175458210136,-4.88030447204953,1,0,1,2,2
1,5,6.8265411761787,-2.83139062390313,1,0,0,3,2
1,5,2.47528849458816,2.28986687115042,1,1,0,1,1
1,6,4.99617573156074,4.14394340121805,1,1,0,3,2
0,2,5.89996583411861,-4.61971946444634,0,0,1,2,2
0,3,3.72450700677061,-2.32783489522649,1,0,1,2,1
1,8,3.83451459101685,5.73915514215859,0,1,1,3,2
1,2,2.68713480444475,1.98612864836438,1,1,0,1,1
0,3,7.88212771711956,0.538684494423482,0,1,0,2,1
1,10,2.62339144511341,-6.60087313318082,1,0,0,2,1
0,5,5.68891441517097,3.77499401646649,0,0,1,2,1
0,9,7.63625475868377,2.82876283980712,1,0,1,2,2
1,8,0.929739826750706,0.285612196850498,1,1,0,1,1
1,2,2.99582278206455,-4.29810745554972,0,1,1,3,2
1,10,3.62179357644112,4.49549767182015,0,1,0,2,1
0,9,3.09927831518921,2.54712756991102,0,1,0,3,2
0,9,7.08701106614214,0.820883895075263,1,0,0,2,1
0,4,1.31331694506242,1.26565941475514,1,1,0,1,2
1,2,2.32131727457939,1.4984112789868,0,0,0,1,2
0,7,3.89984026293443,6.71217717368604,1,0,1,2,1
0,6,2.4314629442931,-3.59653785078259,1,0,1,1,1
0,6,2.00209062974309,-6.86089706623691,0,0,1,1,1
1,4,5.16885665096791,-2.92762855722258,1,0,1,2,2
1,1,3.37330617042862,-7.7072576078509,1,0,1,3,2
1,7,3.95075370151345,-5.79124777560391,0,1,0,2,2
1,6,2.46963316905292,-2.47714058992339,1,0,1,2,2
1,6,-0.755146821176307,-5.39714008845678,1,0,1,1,1
1,7,6.62030648358572,6.58898333334255,0,1,0,3,2
1,3,6.82271362660861,4.60038953498231,0,1,1,3,2
1,4,3.53424566633644,-3.63759900323506,0,1,1,3,2
0,6,7.44447834103862,5.9427405659797,0,1,0,2,1
0,2,7.59541252198588,-3.11386526802349,1,0,0,3,1
0,4,4.77385381071988,5.30226032764631,0,1,1,2,1
1,10,4.94259830182264,-4.80972295648581,1,0,1,3,1
0,7,0.641941980789489,-2.03111336497216,1,0,0,1,2
0,4,5.05280955085072,4.70396917218325,1,0,1,3,1
0,2,5.37267311957216,4.36387920443103,0,0,1,2,1
1,7,3.61516627074486,7.65079538247369,1,1,1,2,2
1,10,3.40479165717956,-5.76651810857069,1,0,0,2,1
1,9,2.27275434275498,-6.50307033140953,1,0,1,2,1
1,10,1.62952808215386,2.2510191552622,0,1,0,2,1
1,10,5.86224578720142,-3.35831816012958,0,1,1,2,2
1,9,2.67589897535958,-1.29310444205675,1,0,0,2,2
1,1,2.4743469725461,-2.96954420887776,1,0,0,1,1
1,7,3.53237324975588,-6.74925022511062,1,0,1,2,2
1,3,3.39348266294927,-6.24159122432352,0,1,1,2,2
0,4,4.28926920562669,4.84374447530655,0,1,1,1,1
1,5,1.23954411953453,-2.13215688630698,1,1,0,1,2
1,9,2.73801862660155,-3.95759943483564,0,1,1,1,2
1,3,4.03467583801357,6.19814393762998,0,1,0,3,2
0,6,8.96826171319256,-3.05826581624645,1,0,0,3,2
1,10,4.63854074877334,-5.47077605220343,1,0,1,2,2
0,1,0.565764347242597,-5.21054767192839,0,0,1,1,1
0,6,5.92766741178445,-5.47392687608061,1,0,0,1,1
0,2,4.03482321958386,-4.12413974119621,1,0,1,3,1
0,4,2.51447124018072,1.35660331804643,0,0,1,1,2
1,7,5.9555557405671,-5.8958199969136,0,1,0,3,2
0,4,7.16155151831616,3.3213970130312,0,1,0,2,1
1,8,2.49327642117548,-3.43435804538363,1,0,1,1,1
1,3,5.18099730140393,5.82092213474245,1,1,1,2,2
0,9,4.08803572706566,-3.86811630525573,0,0,1,1,2
1,8,0.648936695923292,-2.58994454313351,1,1,0,3,1
0,1,4.13460508159196,-6.18474954659478,1,0,1,1,1
0,2,6.61958540563782,4.25118301862105,1,0,1,2,1
1,6,4.95230614589432,3.30456864767544,0,1,0,2,2
0,1,4.28844700269143,-3.14858544969871,1,0,1,3,1
0,2,4.48230417919359,-3.39762622549691,1,0,0,1,2
1,6,1.53003294334776,-3.83506952103165,1,1,1,1,2
0,6,4.381167759488,3.81651259594347,1,1,0,2,1
1,2,4.61211554124016,3.88087064461984,0,1,0,1,2
1,5,4.96131362242093,4.99837512041452,0,0,1,2,2
1,10,3.56295447011772,-7.23850380350975,1,0,1,3,1
1,5,5.98398480008362,-7.40597657702316,1,0,0,2,2
1,1,2.34349710852116,-3.94712038051189,1,0,1,2,2
1,6,7.8472145609594,5.3710194435653,0,0,1,3,1
0,1,6.82050679303656,-3.44492694100451,0,0,1,1,1
1,3,4.32719346582329,-4.79684146317071,1,0,1,1,1
1,3,3.34535291487851,-4.88773657059501,1,0,1,1,2
0,2,4.40834547926467,-2.87474305928039,1,0,1,2,1
0,9,5.70740424631938,3.09199088185591,1,1,1,3,1
1,5,1.56463090720167,-1.83009034816587,0,1,0,2,1
1,7,4.06398416880115,-5.90462803209328,1,0,1,2,1
1,5,3.78182123128839,5.65311016270874,1,0,1,3,2
0,1,6.11295558027912,3.98983393462781,1,0,1,2,1
0,4,2.68921493027697,2.50503991238862,0,0,1,3,2
1,5,3.55909633471901,6.50845875917232,0,0,1,3,1
1,9,3.89736779459395,4.99040318582272,0,0,1,2,2
0,6,5.01028693450594,-4.69501291449296,0,1,0,3,2
1,8,5.05599743060961,-0.806584721457182,1,0,1,3,1
1,9,2.51119925912224,1.18549983404786,0,1,0,1,1
1,9,5.96931303105204,-4.37816369843099,1,0,1,2,2
0,9,3.56821601068447,4.23690424155333,1,0,0,3,2
0,6,4.07815598956644,3.7604322620896,0,1,1,2,2
1,3,2.38496858369481,-6.41721095856818,1,0,1,3,2
1,3,8.49453184896467,3.50859232382709,0,1,0,2,2
1,8,4.14559981565481,6.87492580542361,0,1,0,3,1
0,9,2.20978804382632,-0.937176396615395,0,1,1,3,2
0,4,4.31678937580917,-5.42576328850679,1,0,1,1,1
0,5,3.03774778005275,-5.35944042242727,1,0,1,1,1
1,9,2.23086217826493,2.00358606161257,0,1,0,1,1
1,3,6.69716494656718,-3.0745043838081,1,1,1,2,2
1,3,3.67489319935547,-4.72692039955012,1,0,1,1,1
0,3,3.88182725542459,3.27831198227673,1,0,1,2,2
1,5,6.10200350015773,6.46620114139558,1,0,1,2,2
1,5,1.81937528014142,-1.17328530561492,0,0,0,2,1
1,7,5.69551922058004,-4.48895497071704,1,0,1,1,1
0,9,4.66527727576029,-2.78061527475303,1,0,1,1,1
1,3,5.17193256910294,-6.58896822262307,1,0,1,3,2
1,5,5.01452088652797,4.48566724698553,0,1,1,2,1
1,4,1.83439467002315,0.277020128187601,1,1,0,3,1
1,7,4.07149502629501,-4.37658704496664,1,0,1,2,1
0,6,1.75709492090301,-1.71614361828372,0,1,0,1,2
1,9,2.4460769163053,1.2924979937666,1,0,0,1,2
1,1,5.54136052539983,-5.08984536598988,1,0,1,3,2
1,4,5.55273473784794,5.44468308315291,1,1,0,2,2
1,4,4.59677516685406,5.77049239732227,0,0,0,2,1
1,10,3.92632709133432,6.60024592230011,0,1,0,3,2
1,3,3.98836997787623,6.52312187646181,0,0,1,2,2
1,1,3.08045179117679,-6.32413369008525,1,0,1,2,2
0,8,5.30661211202727,-3.31153924018831,0,0,0,3,1
0,9,6.10814156826355,6.88121639785703,1,0,0,2,1
1,9,2.75640586421558,5.17045167152668,0,1,0,2,2
0,2,0.585507492043489,-3.17155683038055,1,1,1,1,2
1,1,2.39540894923123,-5.97918688684399,1,0,1,1,2
0,9,3.00474909393908,-1.10242076498646,1,1,0,1,2
1,10,2.90189761057673,-1.0244926134066,1,1,1,3,1
0,1,4.59125548516963,-5.73153396928515,1,0,1,2,2
0,5,2.05055001824441,0.194572633674403,0,1,0,2,2
1,8,1.27806779543894,0.196791262651569,0,1,1,2,1
1,1,1.58513759562247,-0.78748118492238,0,1,0,1,1
1,7,3.06123137348169,5.78795778319404,0,1,1,2,1
0,2,5.71842407807627,-4.74242892234987,0,1,1,2,1
1,8,4.20084588665503,-4.75015502071,1,0,1,1,1
0,3,3.62067138976106,-6.33812948078517,1,0,1,1,1
1,6,1.26531257241256,-6.14696057736383,1,1,0,1,1
0,6,1.43360952114538,-1.27345396696857,0,0,1,1,2
1,4,2.62927779738508,-1.1283871010142,0,0,1,3,2
1,2,2.22777809754746,-6.98691369306123,1,0,1,2,2
0,1,1.31954074186717,-5.04082344640035,1,0,1,1,2
0,5,4.36091326311708,-4.43936594620042,1,0,1,1,2
0,7,2.15475976232301,-1.83368424638031,1,0,1,1,2
1,8,3.00510388788822,-5.07200732902757,1,0,1,2,1
0,3,6.64641209989387,2.68074131645257,1,0,1,3,2
1,4,2.55961780685864,4.61843152578934,0,1,1,2,2
0,5,6.23551237294338,-5.20239130154631,1,0,1,2,1
1,9,5.68002575599616,-5.03053679850048,1,0,1,2,2
0,6,5.86743082024223,-4.99902202347396,0,1,0,1,2
1,4,2.19389052072815,-3.480608241668,1,0,1,1,2
1,5,4.48407885985627,-7.18610334255405,1,0,1,3,1
0,1,2.75472041848911,6.27071013125793,1,1,1,2,1
1,10,5.46227254628786,5.76278674184473,1,1,0,2,2
0,9,5.79200762608096,5.23683486617852,0,1,0,2,1
1,4,2.26771011132252,-4.52700586396152,1,0,1,3,2
1,8,2.77665279130203,-3.44367821603327,1,0,1,2,2
1,3,1.73247454651725,-4.22456272572481,1,0,1,2,1
0,4,3.75151265995512,5.18550332110982,0,0,0,1,1
0,5,2.42163025309757,4.15667906493877,1,1,0,1,2
1,9,0.196343306235279,-4.59860092762401,1,0,1,2,1
1,2,5.48116930430701,5.31095111263888,0,1,0,2,2
1,8,4.44659410110006,3.4400135388781,0,1,0,1,2
1,6,6.25544566315254,2.81395458585745,1,0,1,2,2
0,3,2.98875616631333,4.20944655920535,1,0,1,2,1
1,4,1.954718890448,-7.32956345331747,1,0,1,1,1
0,6,3.00862876298914,-2.74490250207321,0,0,1,1,2
1,10,4.23486757901278,2.79222859169774,1,1,1,2,2
1,10,5.02909360264831,3.63533122839848,0,1,0,2,1
1,10,2.99354701394863,0.709005369052847,1,0,1,1,1
0,8,1.90880833563135,-1.319769361674,1,1,0,2,2
1,5,2.01189129917932,-0.568884146264409,1,1,0,1,2
1,10,3.37269212001593,-5.79787804013249,1,0,1,1,2
1,8,1.97376959384219,-5.88786205947104,1,0,1,1,2
1,5,5.07150276702994,2.55667082676907,0,1,0,2,2
1,9,4.83685461473792,-4.97596165589324,1,0,1,2,1
0,7,5.44255904686118,2.35817809614257,0,1,1,3,2
0,1,6.95731961752703,-4.78213211842258,1,0,1,2,1
1,2,3.07085009248916,-4.40923015627887,0,1,1,2,2
1,3,2.68028720297424,-5.20846979313676,1,0,1,1,2
1,9,5.61976707971921,4.36616679722386,1,0,0,2,2
1,9,1.28163337762508,0.143920248085538,0,0,0,1,1
0,10,0.413146693015404,-4.96824247687142,1,0,0,2,1
0,2,1.71004064589819,0.459288049056005,0,1,0,1,1
0,1,6.46756493519378,-4.31501215802025,1,0,1,2,1
0,1,4.5488715252443,-5.07786911635333,0,0,0,1,1
1,2,4.32990618554732,-5.50331568235545,1,0,1,2,1
0,9,2.67809638221529,-1.13603553187562,1,1,0,1,2
1,8,4.48283663124425,-3.93885019777001,0,0,1,1,2
1,7,5.74637749684535,-5.61599693147726,1,0,1,2,2
1,9,4.91560608220805,-5.47648313985137,1,0,1,1,2
1,10,4.01459926870896,-2.97891251441304,1,0,1,2,2
1,9,4.76573894728358,-5.97938245835754,1,0,1,3,2
1,2,4.07832821289437,-3.13731372552867,1,0,1,1,2
1,6,1.86910825355384,-1.36588926716129,0,0,0,2,1
0,6,5.2106615952235,5.6265755811234,1,1,0,2,1
1,10,3.37324167994897,-5.37545434199191,1,0,1,1,2
0,5,4.82897296573525,-5.45398876190208,0,0,1,2,2
0,1,1.80076647715342,-5.23468517679304,1,0,1,1,1
1,10,3.79397814554335,-1.47809617987328,1,0,1,1,2
0,2,3.86416009430435,-0.805789464058255,1,0,1,2,1
1,6,2.39550540798083,1.82030402484061,1,0,1,1,1
0,6,4.02261704928175,0.447858503622703,0,1,0,1,2
1,8,2.56028859908149,-3.49629231255939,0,1,1,2,2
1,10,5.27447058187477,6.71238663874458,0,1,0,2,2
1,8,4.47830692831031,-3.77206232294105,1,0,0,3,1
0,4,6.45272474766716,3.1658825296982,0,1,0,2,1
0,2,5.63642628047411,-3.3034601935599,1,0,1,1,2
0,7,2.17318816834422,-0.135868858417133,0,1,1,1,2
1,10,1.97515138625278,-5.14288064152074,1,0,1,2,2
0,3,1.37464418222048,2.5269552675459,0,1,1,1,1
0,7,2.14698430044063,-1.43284870689623,0,1,0,1,2
1,1,3.06367176651654,-6.82819893965313,1,0,1,2,2
1,8,2.25705972823061,-6.53537913661498,1,0,1,2,2
1,5,4.26664945638333,3.62086241391966,0,1,1,3,2
1,1,5.09827281137683,3.93578020205361,0,1,0,3,1
1,6,3.76870980585625,-5.96526124039689,1,0,1,3,1
0,6,3.998815591863,-4.13405888560748,1,0,0,2,1
1,4,5.63679495697491,-2.94425233537227,1,0,1,1,2
1,7,-0.421424932913114,-7.42125616497171,1,0,1,2,1
1,5,1.89586789545244,-0.437521728944291,0,1,0,1,1
0,9,6.88240196051608,3.50008499504283,1,0,0,3,1
0,7,5.10214977638486,-4.39468694800646,1,0,1,3,1
0,10,5.38159115851992,3.37918199662387,0,1,1,3,2
1,9,2.45072419502265,3.84701245807066,1,0,1,1,2
0,7,3.09847351960719,4.5811360473946,0,0,0,1,1
1,1,3.69286129775781,2.96872695017338,1,1,0,1,1
1,1,1.32219215089391,-6.71013432290104,1,0,1,3,1
0,9,5.28923327471604,4.90534433764245,1,1,0,2,1
1,5,1.56857865956644,1.28645237864471,1,1,0,3,1
1,4,5.6081053819,-3.2014227440109,1,0,1,2,1
1,4,2.87060330282471,4.44587887738933,0,1,1,2,2
1,2,4.76289359742243,5.57224019701308,0,1,0,3,2
0,3,3.64953530302403,4.05149556314047,0,1,1,2,1
0,10,4.43507339831846,-4.76395750305096,1,0,1,2,1
1,3,3.04806670192067,5.51466297070843,0,0,0,2,2
1,9,3.33227963793668,-6.49869818644084,1,0,1,3,1
1,10,3.80463223958527,-2.83697259543994,0,1,1,2,2
1,10,9.45610952542162,5.72379166951363,0,1,1,2,2
0,5,4.65825270183773,-4.36204667130623,0,1,1,1,1
0,9,2.16019090946282,-5.51077833019813,1,0,1,1,1
0,7,5.24690050513235,1.5435918352152,1,1,1,2,2
0,8,6.22758970202166,5.77857194529048,0,0,1,2,1
0,7,1.30404504425468,-0.464506444970401,1,1,0,2,2
1,10,6.96395350854455,-3.69479825563021,1,0,1,2,2
1,8,7.72802253519761,1.1952852572226,1,0,0,2,2
0,6,8.28516807400302,2.29414189321775,0,0,0,2,1
1,3,5.56364920160924,-3.35061020826936,1,0,1,1,2
1,7,4.69752825741258,-4.56550120515176,1,0,1,2,1
0,3,8.02532627534822,4.20979144232659,0,0,1,3,2
1,2,5.78199755439486,-6.21656040930054,1,0,1,2,2
0,6,3.23001752605538,4.0781072653975,1,0,1,2,1
0,4,4.65241905550889,-3.81758338553793,0,0,1,3,1
0,9,5.34088855044399,3.35844560511375,1,0,1,3,1
0,4,3.49458701044861,6.40729299725119,0,1,1,2,1
0,2,5.04085689329859,-5.49188789774727,0,0,0,2,1
1,5,5.06224018578556,5.32563291202752,0,1,1,2,1
0,5,2.63749153435191,-5.39922576937733,0,0,0,1,1
0,7,4.06190072964193,-5.90873809737758,0,0,0,1,1
1,1,2.66512849822391,-5.07466684266371,0,1,0,3,2
1,10,2.3502000016492,3.42619329282678,1,1,0,1,1
1,7,4.27916506218354,3.83024363803557,1,0,0,3,2
1,9,2.70163293784755,-4.73227385293674,1,0,0,1,2
0,5,6.14347789791661,-3.48968333058973,1,0,1,1,2
0,6,2.70219880639622,-0.267288573950139,0,1,1,2,2
0,4,1.77115599327229,-4.49282349823829,0,1,1,1,1
1,6,4.02394579690383,-2.6918428704715,1,0,1,3,2
1,7,1.03103631056221,0.130999750395686,0,0,1,1,1
0,9,5.13857714869452,5.72300123056374,1,0,1,2,2
1,2,4.69098856163352,6.91133138027795,1,1,1,2,2
1,2,2.88940069732376,7.79610786688884,0,1,1,2,2
0,1,6.90863931364306,-4.73569046358325,1,0,1,2,2
1,10,3.20664972164105,0.431571829966484,0,1,0,3,1
1,6,2.76031965986278,2.47823539701011,0,0,1,3,2
0,9,6.186710490692,-2.17937331721502,1,0,1,2,1
1,7,5.18553382730967,-6.11908775813045,1,0,0,3,2
1,8,0.215252332058787,-6.429073015194,0,1,1,2,2
1,1,3.18580772466247,3.16445406605004,0,0,0,1,1
1,5,4.09341921441669,6.23965116176956,1,1,1,2,2
0,8,8.30791555781935,3.12690848025075,1,1,1,3,1
1,7,3.38207785262777,-3.05347868851235,0,1,1,2,2
1,10,1.83155124850526,-6.79440507510345,1,0,1,3,2
1,9,3.0406957864713,-6.00982061196504,1,0,1,2,1
0,7,2.46221075166925,0.248309155975389,1,1,1,1,2
1,10,3.15053484581342,-4.95632790809275,1,0,1,3,2
1,7,7.07780510180501,6.05995947729507,0,1,1,3,2
1,6,1.03505489268976,-1.56781331201624,1,1,0,1,1
1,8,5.72292947924574,-1.73102634111523,1,0,1,2,1
1,2,6.36801891612513,0.703710527506463,1,1,0,2,2
1,10,1.28332153140225,0.456357976548957,0,1,1,1,1
0,6,3.76204414994806,-3.30032406807545,1,0,1,2,1
0,1,6.60494829232111,2.46198652664261,0,0,1,2,1
1,4,7.85684881308319,1.489341377387,1,1,0,2,2
1,8,7.06942463374671,-3.98308332919645,1,0,1,2,2
0,1,4.27260288131208,6.36769579940568,0,0,1,2,1
0,9,5.50001342160892,2.00676265567957,0,1,1,2,2
0,7,7.44647315583687,-3.2545476642576,1,0,1,3,1
0,5,6.27272156383134,2.32516129600529,0,1,1,2,1
1,4,1.95957126438177,-0.478865157643412,1,0,0,1,1
0,6,4.0079256769737,-4.52781529433095,1,0,1,1,2
1,4,0.905290748673803,0.829195864790249,0,0,0,1,2
0,5,5.90891217593517,-3.88936856050605,1,0,1,1,1
1,5,5.74121471408703,6.04095480924572,0,1,0,2,2
0,6,3.91960886567184,-2.16928346819922,1,0,1,2,1
0,5,2.27398447902954,-0.0856497478842682,0,1,0,1,2
1,6,5.64218004395681,1.67829983951766,0,1,1,2,2
1,5,6.55421276026786,-4.0305743646255,1,0,1,1,2
0,1,3.56368739249198,4.65936087690569,0,0,0,2,2
0,7,1.05420284160962,0.0351008217092359,0,0,0,1,2
0,10,5.36283802448893,-4.8648535342677,1,0,1,2,1
0,2,6.02760938336509,-3.52154733819119,1,0,1,2,1
1,3,3.75308087048911,-4.65019578765831,0,1,1,3,2
0,1,5.09542439853437,6.81576322829176,1,0,1,2,1
0,6,2.61900092441393,2.11921242904089,1,1,1,1,2
1,5,2.61669016072756,1.03171686708026,1,1,0,2,1
0,9,5.15399329507872,4.722115475525,1,1,1,2,1
1,7,5.83421954788221,-2.85645019597949,1,0,1,3,2
0,9,6.6307483458415,2.64470726929278,0,1,0,3,2
1,10,2.65677527461644,-5.64518941852286,1,0,1,1,1
0,5,4.7371423473028,-3.0168215870717,1,0,1,2,1
0,10,5.0559214508097,-4.99876466254663,1,0,1,2,1
0,6,4.383420226731,-5.39143033549836,1,0,1,1,1
0,10,4.32469005122215,2.0469537833478,1,0,1,1,1
1,2,4.1030365919322,-3.38342855095934,1,0,1,1,2
0,1,3.65182133964529,-2.2660847051842,1,0,1,3,1
1,5,2.90958128144141,0.512421242636761,1,0,1,3,2
0,5,4.91349696343435,-2.80584656971539,1,0,1,1,1
1,7,6.49993673800288,-4.18827437684835,1,0,1,2,1
1,9,4.92076992422196,-1.38076251732083,1,0,1,2,1
0,2,6.22775944668691,-2.2304871745251,1,1,1,2,1
0,6,3.43456055852524,-5.0946707730184,1,0,1,2,2
1,8,5.53739930964468,9.66897644193648,1,0,0,2,2
0,5,8.043796622356,-5.43543750995141,1,0,1,2,1
1,6,5.33851950458597,-5.63549834173936,1,0,1,3,2
0,9,1.45535960220811,1.61862217892844,1,1,0,1,2
1,8,4.1340996417997,-6.29471540618124,1,0,1,2,1
1,2,5.85185255096261,4.34703196311695,1,1,0,2,2
1,4,2.28831503510561,4.87334659629937,0,1,1,2,2
1,3,2.82750860308776,-6.04316012917221,1,0,1,2,2
0,7,3.01289379381701,0.245778662063984,0,0,0,1,2
1,8,2.76359402884075,-2.46989974126348,1,0,1,2,2
0,1,1.64240258295022,-1.55520137463996,0,1,0,1,2
1,4,1.77539141752065,-5.43266327235961,1,1,1,3,2
1,8,2.29592164617584,0.674501578112204,0,0,1,1,1
0,6,3.26249815706257,-0.377973691872619,1,1,0,2,2
1,5,6.01891848522376,-6.72355214175856,1,0,1,2,1
0,5,5.07897284894827,-2.35043789989732,0,1,0,2,1
1,6,6.1770605027578,4.82119130605036,0,1,1,2,2
1,2,7.62625862533556,-2.05164829117009,1,0,1,1,2
1,5,5.83474810691943,4.41468322551857,0,1,1,2,2
1,4,3.92991342769433,3.02792653133321,0,0,0,1,1
0,3,5.6814482847909,3.82262910619082,1,0,1,3,2
1,8,3.6568726619991,-4.75392629420979,1,0,1,3,1
1,4,6.57039200026901,6.1874312334064,1,1,1,2,1
1,4,3.92742336264685,3.9523248453421,0,1,0,3,2
0,8,2.19998822126463,-2.06472718938033,0,1,1,3,2
1,4,2.67255833740459,1.55478118138759,0,1,0,1,1
0,6,6.34267103066405,-4.69568882320632,1,0,1,2,2
0,8,6.0132187922945,5.22533338307949,1,1,1,2,1
0,9,4.00414777620043,-6.96823767867306,0,1,0,1,1
0,9,3.10911952259865,-4.11013786936428,0,1,0,1,1
1,4,3.5727533274545,-5.4899510502613,1,0,1,2,1
1,6,3.1358510758694,-5.66372231453998,1,1,1,2,1
1,3,4.48490103180095,3.42280603088482,0,1,1,2,2
0,8,1.78850000382658,1.09978865434428,0,1,1,1,2
1,10,2.27809213941753,4.18764296775535,1,0,0,2,2
1,9,6.17888764936305,5.86744897214199,1,1,1,2,2
0,2,7.02086845580791,4.183922687379,0,0,0,2,1
1,8,6.1329948763344,-1.14410980269921,1,0,1,2,2
0,2,5.92102024537589,-3.03881124662329,0,1,1,3,1
0,8,5.31514519685392,4.83529642240435,1,1,1,2,1
0,5,2.0706306891992,1.99534248922121,1,1,0,1,2
0,5,7.63106850096691,2.6728237437459,1,1,1,2,1
0,7,1.37133879851722,-1.68404826165277,0,1,0,1,2
0,4,6.48526549968804,-3.96353979477134,1,0,1,1,1
0,6,5.04060896095713,-2.92542039139842,0,1,1,2,2
0,4,5.30679489617604,-4.62968911114498,0,1,1,2,1
0,5,5.94884511295232,-4.66454985961056,1,0,1,2,1
0,1,4.55958580533894,-3.86135399612082,1,0,1,2,1
1,4,6.10803647020959,-1.78952363568052,1,1,1,1,2
1,5,3.616402365555,3.08008038745142,0,1,0,2,2
1,1,2.2605016994762,2.1509363583191,1,1,0,1,1
0,2,4.00125521962571,4.13477475981411,1,0,1,2,1
1,4,2.59609237160916,7.69502967288949,0,1,0,2,1
1,8,2.31883192980602,-3.65508391057148,1,0,1,1,2
1,5,5.2564498678478,6.09319984794805,1,1,1,2,1
1,10,5.46158656049446,5.17063021133365,0,1,0,2,2
0,9,6.46136813399809,4.19648844278318,1,0,1,2,1
0,1,4.12712836900185,-4.38729800573916,1,0,1,1,2
0,7,6.52037717018006,2.86393024207419,0,1,0,3,1
1,8,1.55627137284581,0.235579734189758,1,0,0,1,1
1,8,5.66025851581936,-4.99206986720764,1,1,1,2,2
0,10,6.88923636289823,-2.64780718606968,1,0,1,1,2
1,8,1.26700976731377,-2.94272479285735,1,1,0,1,1
0,2,4.68887491275693,-3.74763402584581,1,0,1,1,1
1,2,5.16588383732657,5.60860754686724,0,1,1,2,2
1,5,1.36083637985329,-4.90147723816936,1,0,1,2,2
1,8,4.08099962101062,-5.52721524071848,1,0,1,2,1
1,1,7.28685834130382,-2.18575010224638,0,1,1,3,2
0,5,4.23592068989174,-0.90276782953667,1,0,1,1,1
1,5,6.33369965066798,3.90764299844477,1,1,1,2,2
1,8,4.60378377914502,-3.1578964102809,1,0,1,2,2
1,5,0.396886693548797,0.917617705600256,0,0,1,1,1
0,3,1.51084235765566,-1.0763840999925,1,1,0,1,1
0,3,5.9032923101522,-5.0196000213011,1,0,1,2,1
1,3,3.23984832896247,-5.64199950787388,1,0,1,2,2
0,7,1.50849381281569,0.757315177760955,1,1,0,2,2
0,1,5.49667299993899,-4.07439056100705,0,1,1,2,2
0,4,2.99005367319494,-5.69687983238493,0,1,0,2,1
0,6,1.60691449821603,-0.0514894187303464,0,1,0,1,1
1,7,3.64388428974418,8.29550417971381,0,0,0,2,2
0,9,4.35003938888319,5.61825508361751,0,0,0,2,1
0,3,0.952877193734318,-2.17863998953977,0,1,0,1,2
1,7,3.1206106047178,5.06326226710307,1,1,1,3,2
0,7,6.24960795602089,3.79927786756804,1,0,1,2,2
1,8,4.06325407451742,-4.30795496487047,1,0,1,2,2
0,5,2.04594904002272,-0.467682520266774,0,1,0,1,2
0,9,6.69855758436205,-4.74181217390001,1,0,1,2,1
1,10,5.04453743028207,4.92935530491339,0,0,0,2,2
1,10,3.62262274814423,-5.68525944007984,1,0,1,3,2
1,6,1.00675892560092,0.667793578294954,0,0,1,1,2
1,10,5.91904216243931,2.6929741194798,0,0,1,2,1
1,7,7.94922064579203,4.5393667165629,1,1,0,2,2
1,3,5.57439273509744,-4.60771953197606,1,0,1,2,2
0,5,4.18417787060072,-4.1417907662482,1,0,1,1,1
0,2,4.71837693244975,-3.35374242064944,1,0,1,3,1
1,1,5.46548825794008,-5.56137056482691,1,0,1,2,2
1,10,5.42653132537512,-4.14471233522458,1,0,1,1,2
0,1,6.36387100109519,-3.76372605738403,1,0,1,2,2
1,4,3.46947011688008,6.40313110166481,0,0,0,3,1
1,9,4.61639976200541,-2.58952116991159,1,1,1,2,2
0,1,2.20855870324607,0.926238295453753,0,1,0,1,1
0,1,3.61944165631125,-4.48201413284368,0,0,1,1,1
1,5,5.93858236647125,6.84070555323719,1,1,0,2,1
1,2,4.16323436402522,-3.23521179910848,1,0,0,2,2
0,4,6.33167490123269,-4.07761965180228,0,0,0,3,1
1,7,3.50526082567493,6.38930522206014,0,1,0,2,2
1,4,6.01766119106844,-3.96021120009956,0,1,1,3,2
1,5,4.01523736410233,-6.24073581187253,1,0,1,2,2
1,6,7.33502586849405,3.53735284235766,1,1,0,1,2
0,2,5.58490707514252,2.01389029530219,0,1,0,2,1
1,7,1.56211252810919,-4.66505631845251,1,0,1,1,1
0,6,5.39264746354762,-3.58398159826782,1,0,0,3,1
1,4,6.36088954342593,-3.15331297436715,1,0,1,1,2
0,7,2.9958175937487,1.23236000137225,0,0,0,1,2
0,10,3.95302658751629,-4.23578776439948,1,0,1,2,2
1,9,1.99716909026289,-6.83480373669909,1,0,1,3,1
1,1,4.84833193580976,-4.63844407951632,1,0,1,3,2
1,10,2.60218139276529,-6.26641582128772,1,0,1,2,1
0,8,5.98783814542415,4.49734963708467,0,0,0,3,1
1,4,4.29903080333561,6.33278388519716,0,1,0,2,2
0,3,4.79139515760493,-4.88556174206477,1,0,1,2,1
0,4,7.13220144078233,-3.53712648660119,1,0,1,1,1
1,3,1.66685999487374,-6.83170059161017,1,0,1,3,1
1,2,4.6443117343729,6.74826206589374,0,1,0,2,2
1,9,9.75106170669336,-2.35013949401093,1,0,0,2,2
1,4,5.78717164105996,3.52878027823062,0,1,1,3,2
1,6,3.58759337787245,-4.24419087826286,1,0,1,2,2
1,8,3.81409961553456,6.00523435442008,1,0,1,2,2
0,2,3.88023931482348,4.78305339255247,0,1,1,2,1
0,5,6.875781167784,-2.27656481617805,0,0,0,1,2
1,4,5.72765488704999,-3.17991715365774,1,0,1,1,2
0,3,3.76222074718019,4.16858139301013,0,0,1,2,1
1,9,-0.0703723387209503,3.2262703852534,1,1,0,1,2
0,3,5.44613335233877,3.71221171082377,1,0,1,2,1
0,8,5.09174877462827,3.63066897147057,0,1,1,2,1
1,1,3.46603807430516,3.8210903488966,1,1,0,3,2
0,9,3.83172323138534,-5.26132532324154,1,0,1,2,1
0,3,6.11416496345547,5.68133779041091,0,1,1,2,1
0,6,4.91641076838059,-5.91985423926136,1,0,1,1,1
1,7,2.97632601537602,-6.45445601103636,1,0,1,2,2
0,5,3.23549441423375,-4.45823393652009,1,0,1,1,1
1,3,7.2075611112884,-1.06801311944822,1,0,1,2,2
1,1,4.07458054427637,-7.29498055464858,1,0,1,2,2
1,7,5.4673038175582,5.94012448227903,0,1,0,2,2
0,9,3.01236250074417,-3.50616486652415,1,0,1,2,1
0,1,2.52506754095153,1.67554671672233,1,1,0,1,2
0,9,4.01290941125778,5.30414050112444,0,0,0,1,1
0,3,1.63536432548993,-4.88656663858735,0,0,1,2,1
0,2,5.71726127606131,3.90918754335698,0,1,0,2,1
0,9,5.79954473591839,1.62530421008162,1,1,0,2,1
0,5,8.12668842259265,-2.80016638919824,0,1,1,1,1
1,9,2.13812669629217,0.493033420333164,1,0,1,3,1
1,9,4.66661929064131,2.37450164641594,1,0,0,2,2
0,6,8.10230124164946,1.55417525088986,0,1,1,3,2
0,1,4.10995132646686,-3.4611586277206,0,0,1,2,1
0,4,6.40358813415627,-4.8587492821184,1,0,1,1,1
1,10,7.57262356792574,-1.76212764553213,1,0,0,1,2
0,5,7.18159151308967,-3.989263576489,1,0,1,2,1
1,4,4.35482311898066,-4.04964385709376,0,1,1,2,2
0,4,1.09224015358753,-4.48739142567732,1,0,1,3,1
0,10,4.93648760060707,-3.55418065240829,1,0,1,2,1
1,4,6.33401394078032,-4.14522659866724,1,0,1,3,1
1,7,-0.126760356930301,-7.77801120017196,1,0,1,3,2
0,6,4.43679873856626,-5.63788792453888,1,0,1,2,2
0,1,2.494367309283,3.29111212416996,1,1,0,1,2
1,8,7.42775998280293,4.56343600911303,0,1,1,2,2
0,5,4.82240780680041,-3.9938261106995,1,0,1,2,1
1,10,2.82633473138038,6.25709327081153,1,1,1,2,1
1,9,6.40391279743506,-0.573537044874328,1,0,1,2,2
1,6,6.36828486013321,-4.65076163134299,1,0,1,3,2
1,5,4.25730597656242,-5.60313585880941,1,0,0,2,2
0,8,6.85595613847419,3.11187945864294,0,1,0,3,2
0,8,3.50165772558208,7.10659016927251,0,0,1,2,1
0,7,5.34683734348834,5.0902942382838,1,0,1,2,1
1,5,4.53233792993015,5.43223513755985,1,0,1,2,2
0,9,7.66073776675381,5.67250304577739,0,1,1,2,1
1,8,4.19437842376822,-5.32800752618809,1,0,1,2,2
0,4,4.65277766288045,-2.89170437847597,1,0,1,1,1
1,4,2.42810352982628,-0.206240453537471,0,0,0,1,1
0,9,5.42360884155679,-4.22844802228874,1,0,1,2,1
1,7,4.73984326506572,-3.31004242161028,1,0,1,1,2
1,10,3.699852631453,-0.205899553421851,0,0,0,1,1
1,9,5.28955884680235,-2.82748386581948,1,0,1,2,1
1,8,3.93612999430385,-3.92962896274806,1,0,1,1,1
1,6,3.34999002681138,-5.46925597178384,1,0,1,3,2
0,3,4.39939997632112,5.76063824706249,0,1,0,3,1
0,9,2.48671488401664,-6.03537269768801,1,0,1,2,1
0,2,0.891122824444382,-2.00343591653725,0,1,0,3,2
0,1,3.86297948962655,1.24184297600601,1,1,0,1,1
1,8,3.10244662707418,2.07849305901223,1,1,0,1,1
1,3,3.2509356474002,-4.50929030284365,0,1,1,1,2
1,2,2.48696695582059,2.78381654853227,1,0,1,2,2
0,5,3.44174749224677,1.72872980676252,0,0,0,1,2
1,2,1.70287990601317,-5.51297058303883,0,0,0,2,2
0,10,1.98780746274327,-5.65221585151569,0,1,1,2,1
1,3,6.04628659739655,-3.82350297780133,1,0,1,1,2
1,2,3.72956783271713,3.36138240557877,0,1,0,3,2
1,6,5.33587140448472,5.49783348458931,1,1,1,2,2
1,3,2.77648228883623,-5.86559715571049,1,0,1,1,2
0,5,2.6307974899813,-4.9813474834161,0,1,1,2,1
1,10,2.75231605046448,-5.495925805054,0,1,1,2,2
1,10,1.30545959828858,-0.372773185362333,0,1,1,1,1
0,3,1.99805479493533,0.00684255653796241,0,1,1,1,2
1,4,2.37211209745533,-0.262231087273136,0,1,0,1,1
1,1,4.18558779984891,5.87051985896535,0,1,1,3,2
0,1,5.28461839116381,2.0374780336614,1,0,1,2,2
0,1,2.25012540139514,-0.868437968467592,0,1,1,1,2
0,10,5.76747763189016,-5.11853152990256,0,0,1,1,1
1,10,1.54900901715127,0.0598107467582995,0,0,0,1,1
0,9,3.66087080828813,-5.53215375290893,0,0,1,3,1
1,5,6.5770830815542,2.69254849602283,1,0,1,2,2
0,1,5.81022683989082,-4.04759209780327,1,0,1,2,1
1,2,0.378914174375003,-7.94296897641306,1,0,1,1,2
1,10,1.06767509718938,3.51272687477621,1,0,0,1,1
1,7,3.34801249908685,-5.18563301170097,1,0,1,2,1
0,7,5.97245865157184,-4.43094991729208,0,0,0,2,1
0,3,5.25962933031847,-5.39404291318599,1,0,0,2,1
1,2,3.3165971167224,-6.25574445175163,1,0,1,1,2
0,8,2.83791977957103,1.58809804095568,0,1,0,1,1
0,5,1.08197253197825,-6.48436097508599,1,0,1,3,1
1,7,2.50782590562,2.22912617716449,1,1,0,1,1
1,4,2.90417540449884,-4.68954581639195,1,0,1,2,2
0,6,2.08649374842171,-5.27284158846148,0,0,1,3,1
1,5,6.8579540114247,4.39156950703136,0,1,0,3,2
0,8,2.55679324175513,1.56907533810923,1,1,0,1,2
0,8,3.24640629253219,8.36600818316393,0,1,0,2,1
1,1,3.75126857881743,-6.19502075844721,1,0,0,2,1
0,5,4.07938860974982,1.71670367143341,0,1,1,2,2
0,2,3.49956351510265,0.408202995124451,0,1,0,1,1
0,5,0.376640657376723,0.0579746521292692,0,0,0,1,2
0,2,3.60784101425233,-3.21812470956594,1,0,1,3,1
0,6,5.97852166822881,4.96191300765376,1,0,0,2,1
1,2,2.16296293399352,-0.697380102434754,0,0,1,1,1
1,2,5.58781471537875,-5.68309684519529,1,0,1,1,2
0,8,5.80804548270474,2.31449792917907,0,1,0,2,1
0,1,4.44124507606039,4.79046956306143,1,0,1,2,1
1,3,4.37926818111651,5.36485521437413,1,1,1,2,2
1,3,3.86951600640899,-4.23744093776959,1,0,0,2,2
1,8,1.18543501685452,-4.47968374392303,1,0,1,2,2
1,6,2.27573211479896,5.02145252844409,1,0,1,3,2
1,2,0.575000812268899,-7.72391531986579,1,0,1,1,1
1,8,6.55558762785369,4.31021412516053,0,1,1,2,2
0,2,2.55112391139484,2.60655526648645,0,0,0,1,2
0,7,6.74130886442971,-2.84154242230407,0,0,0,3,1
0,7,3.02621963006846,3.20137451962829,0,0,0,2,1
0,1,3.9910280444024,3.95836606046533,1,0,0,2,1
0,8,1.19155670755958,-1.97199578431167,1,0,0,1,2
0,10,3.64124874912805,2.0523324759195,1,1,0,1,2
0,9,7.58893196807501,4.43696612497945,0,0,0,3,1
0,10,4.9124170256646,-4.48642597827165,1,0,1,1,2
1,8,4.15663632464591,-3.79548131692677,1,0,1,2,1
0,8,5.61784213946801,6.06543512816277,0,1,0,2,1
0,1,3.78920883041849,-5.93943390826278,1,0,1,3,1
1,7,4.49275399388598,-5.48222122181884,1,0,1,1,2
0,6,7.34462688271457,2.77009116926052,0,0,1,2,1
0,6,2.39314384256273,-4.51275419783922,1,0,1,3,1
0,6,5.84276050380227,-2.08822194588964,1,0,1,2,2
1,4,7.18641298777015,-5.02567759656347,0,1,1,2,2
0,5,4.03986897225804,-3.45642109028638,1,0,1,3,1
1,7,1.88873592532328,-0.360105161023719,1,1,1,1,1
1,3,3.55077388473682,-5.80392418497359,1,0,1,1,2
1,10,3.66613819664071,-6.50671104720768,1,0,1,1,2
1,1,3.06338057250961,-4.77909206203876,1,0,1,2,2
1,10,5.03164439939372,3.90545913148502,0,1,1,2,2
0,6,4.84362205670664,-3.75187883921771,1,0,1,1,1
1,3,1.54773990433351,1.56687049318861,1,1,0,1,1
0,1,6.56632539651816,-2.88387599365925,1,0,1,2,1
0,9,2.60094514079754,-4.67673654693853,1,0,1,3,1
1,8,8.20026292660031,-3.50203753425781,1,0,1,2,2
1,6,4.46220481153353,-5.1012897953383,1,0,1,1,2
0,10,2.83495092263564,2.69909348500007,0,1,0,1,1
1,1,3.73994545405028,1.31570914759132,1,1,0,1,1
1,10,1.59413282724029,-5.80179181664134,1,0,1,2,1
0,2,4.3148344329809,3.84473342260852,0,1,1,2,2
0,10,2.09874898999879,-0.812425253457954,0,0,1,1,2
0,9,4.67388037818795,-4.83934748959569,1,0,1,3,1
1,10,4.00936804420692,-5.61560142062197,1,1,1,3,1
0,8,1.72512703184767,-1.13447501017578,1,1,0,1,2
1,5,4.85005902319151,-4.68840963770267,1,0,1,3,2
0,5,1.53175235763125,-0.780906171445529,0,1,0,1,2
0,7,5.48070047300081,-2.1726673399398,1,0,1,1,2
0,2,5.74844397593777,6.13638790115966,0,1,1,2,1
0,2,4.49424756815195,-4.16444399207813,1,0,0,2,1
1,4,3.83563258219977,-5.11725085974471,1,0,1,2,2
0,7,5.32020352632918,4.08110146919121,1,0,1,3,1
1,4,4.1770718582631,-6.64867570517865,1,0,0,1,2
0,5,5.0452048077539,-3.9054705292478,1,0,1,1,1
0,1,3.37919330572,-3.03242822247241,1,0,1,3,1
0,9,5.25466812288358,4.99759864494563,0,0,0,2,1
0,3,8.74296545323609,2.34896132164917,0,0,1,2,1
0,9,4.20922365105103,-4.0393210803743,1,0,1,1,1
0,1,0.780461031547921,-4.43740299945362,1,0,1,3,1
0,1,5.47493956355899,-4.24778337157836,1,0,1,3,1
0,8,6.32189703303692,2.23144309686904,0,1,1,2,2
1,7,2.89314571143798,-0.694636277326942,1,0,0,2,1
1,8,3.29445250718084,-6.19101245915038,1,0,0,2,1
1,10,1.97871626096014,-2.37406615154755,1,0,1,1,2
0,7,1.93089499501622,2.35549718862888,0,0,0,1,2
1,1,0.993347281209009,-6.59369152453428,1,0,1,2,2
0,2,1.78631793749688,-1.79067051523072,0,1,0,3,2
1,5,3.86288783671815,-6.98506852509585,1,0,0,2,2
1,7,6.6426810340089,6.73800341810506,1,1,1,2,1
0,9,5.17125793652527,-4.42349751823726,1,0,1,3,1
1,5,4.51142581966089,5.3252715698368,1,1,0,2,2
0,7,2.18959893958238,4.42241914375754,1,0,1,2,1
1,3,7.44469615537865,1.36095760771587,0,1,0,2,2
1,3,1.09121574732174,-5.47777584274246,1,0,1,2,2
1,7,3.31024809192247,-3.4663344033227,1,0,1,2,1
1,9,3.79647449246705,-5.0454268986396,1,0,1,2,1
1,8,1.57116496916773,-4.92140238971152,1,0,1,2,1
0,5,4.43499573903649,-4.12137475378295,1,0,1,3,1
1,2,5.03783301549393,-3.63573081194665,1,1,1,2,1
1,5,3.09649790347217,-4.64805138158414,1,0,1,2,2
0,1,4.84751608018724,5.78277147255057,1,1,1,2,1
1,1,4.58204345290565,5.96313639419694,0,1,1,2,2
1,8,3.98212261628024,5.72625807605429,0,1,0,2,2
1,4,2.60081947268339,-4.39066794538425,1,0,1,2,1
1,4,3.76516123967837,4.06004156752493,1,0,1,2,1
1,4,2.97805924055652,-5.68044347642721,1,0,1,1,2
0,3,4.56710038840704,1.89686221409104,1,0,1,2,1
1,9,0.556381889711953,-5.83428746422189,1,0,1,2,2
1,7,6.86294294138325,7.64278550398751,1,1,0,3,2
1,8,3.36537051859335,1.23649691628812,1,1,0,2,1
1,1,5.15491244588264,-4.8925280690671,1,0,1,3,2
1,2,6.97597561748042,-1.30361400298124,1,1,1,2,1
1,6,1.98716505167117,-6.00000237315449,1,0,1,2,2
0,2,4.37277822026549,-4.19395858714847,1,0,1,2,2
0,4,5.94573171270472,-4.96057227995401,1,0,1,1,1
1,5,2.32142435778676,-1.24658543992467,0,0,0,1,1
1,4,3.29952195341811,-3.32105888103535,0,1,1,1,2
1,8,3.19729729717363,7.15898920400256,0,0,1,2,1
1,10,0.502619369860239,-4.89257089460998,1,0,1,2,2
0,1,1.8860423779198,-5.75105131365873,1,0,1,2,2
0,7,2.5096136028069,-5.14006827257171,1,0,1,1,1
1,10,2.3958541705405,-5.20428610131548,1,0,1,3,1
0,3,8.6080762615439,-3.63768187456766,1,0,1,2,1
1,8,5.06505249523092,-4.22869113803197,1,0,1,1,2
1,4,1.88127684324816,-2.07591398584634,0,1,0,1,1
0,8,5.04243975147137,6.16816552680921,0,1,0,3,1
1,6,5.55785050625157,6.63287407867004,0,1,1,2,1
1,4,5.74755056451894,7.20061966241474,1,1,0,2,2
0,7,2.16939480628293,-0.470518997070263,0,1,1,1,2
0,1,2.21012981614408,-7.90304824637474,1,0,1,2,1
0,9,6.26774483859221,6.30272930574236,1,1,0,3,1
1,3,-0.209586424306514,-4.0077519189501,0,1,0,3,2
1,3,-0.822202830417498,-0.450259304495264,1,1,0,1,1
1,9,4.820789697174,-6.16887709229051,1,0,1,1,2
0,3,2.37061082368489,-0.922847657978281,1,0,1,1,2
0,9,4.60549559430094,4.05663109244302,0,1,1,2,1
1,2,3.12031918015746,-4.90969209125411,1,0,1,1,2
1,10,6.85146086039314,5.19807718926645,1,1,0,2,2
1,4,3.40867128117497,-4.72738997010862,1,0,1,2,1
0,9,5.95916148043708,-3.80440091844335,0,1,1,2,1
1,3,6.24001906635129,-4.41194527070584,1,0,0,2,2
1,5,3.83309457078725,-3.93087205791161,1,0,1,3,2
0,8,2.26265127320518,-0.697361668615719,1,1,0,1,2
1,8,3.63657299857817,3.22706293295674,1,0,1,2,2
0,9,2.09922698953828,-3.4840549780012,0,0,0,2,2
1,4,3.93796767306629,6.34882335397908,0,1,0,2,2
0,9,4.25563152657618,5.83854083972391,0,1,1,2,1
0,9,2.78571244286198,-0.945766694031914,0,1,0,1,2
1,6,4.10833733038101,8.74733792463747,0,1,0,3,2
0,3,6.16727204277751,4.79785576456676,0,1,0,2,1
1,9,2.62087206785341,3.07212169998648,0,1,1,2,1
0,6,1.80966364126469,-7.35113589886093,1,0,0,3,1
0,5,2.61421073424028,1.10246485185485,0,1,1,1,2
1,4,4.82752234182007,-5.8110933797178,1,0,1,2,1
0,9,3.33559381036723,5.5019009962664,1,0,0,2,1
1,10,4.68353244647141,-2.75222221798085,0,1,0,2,2
1,7,5.53307697540442,-4.99509903552531,0,1,1,3,2
1,3,2.92142695337323,4.11826357308273,1,1,0,2,2
1,10,4.55924466479028,2.66409184455305,0,1,0,2,2
1,4,4.26091926823753,-5.3806878154447,1,0,1,2,2
0,9,2.37864828385258,-6.56492672938664,0,0,1,2,1
0,3,3.63113283569487,3.87259323890371,0,1,1,1,1
1,3,1.91857469297353,0.990952711996374,1,0,0,1,1
0,10,3.36291688460178,4.68648224470559,1,0,1,2,1
1,4,3.4951056303337,3.74889585842466,0,1,0,3,1
1,10,4.47920792309546,-4.97596896713808,1,0,1,3,1
1,4,6.03872350338668,4.47894266086277,1,1,1,2,2
0,6,8.44501342180305,-5.05821971713999,1,0,1,1,2
0,7,2.43320866298439,-2.47058378505525,1,0,1,1,1
1,3,3.93257817757882,-3.34381424677668,1,0,0,1,2
0,7,2.69180450243741,4.02952425802158,0,1,1,1,2
1,4,5.14798875143591,-3.2234307998749,1,0,1,3,2
0,7,6.01452424394394,-3.14882008183082,1,0,1,2,1
1,3,5.28428593208626,4.03625536835701,1,1,0,2,2
0,8,3.44005343835757,-0.497858080512937,0,1,0,1,1
1,6,5.221726443733,-4.16148390949574,1,0,1,2,2
1,7,1.96412090522628,1.24789601998507,0,0,0,2,2
0,6,4.76585077854356,-5.69092602225414,1,0,1,1,2
1,2,2.23890938558988,-1.75885998424612,0,1,1,1,1
1,2,4.7108530311321,8.09242104794065,0,1,0,1,2
0,7,2.07418264182432,-1.87910000927038,0,1,0,1,1
0,8,7.11656498585985,6.08657993750858,1,0,0,2,1
1,10,3.47750274892013,-4.89468087839653,1,0,0,2,2
0,9,5.68254483478704,3.57360019145766,1,0,1,2,2
1,8,1.41131446862773,1.55351785108698,1,1,0,1,1
0,10,5.71045151024395,-2.63476584747257,0,1,1,1,1
0,6,-1.31760070327039,-6.992199065689,0,1,1,2,1
0,2,1.56839365125875,-1.93697885274603,0,1,0,1,2
1,3,4.09315120477204,6.00737262470086,0,1,0,3,1
0,4,1.25464896794052,-5.03489664841643,0,0,0,2,1
1,3,4.21343714697244,-6.53732830930382,1,0,1,3,2
0,1,1.01971965232102,-5.97934379001672,1,0,1,2,1
1,8,1.79829345953533,-6.74743070510299,0,1,0,3,2
0,2,5.33002231981564,-4.66940209111917,0,0,0,1,2
1,2,2.53188413499985,1.08063356683925,0,0,0,1,2
0,3,5.27864407782521,5.68713990601551,1,0,0,2,1
0,2,2.74589191723282,-0.438217284563253,0,1,0,1,2
0,1,5.94768188222696,4.09173092618583,1,0,1,2,2
0,5,2.68685791430615,-2.83121875854032,1,0,1,2,2
0,2,2.03832629219042,-0.209074706993764,0,0,0,1,2
0,1,4.3077057195135,-3.57945057840292,1,0,1,1,2
0,4,5.20610113674156,-5.84224840268907,1,0,1,1,1
1,4,3.67528184015033,5.23155206394461,1,1,1,2,2
1,10,4.91825168306129,-3.89679698541541,1,0,1,2,2
1,4,1.14663126156773,0.236321796480283,0,1,0,3,1
1,4,2.13100250443893,-4.62776766804498,1,1,0,1,1
1,8,6.65788071760826,4.73797459089393,1,1,0,2,2
0,8,6.82930742503307,-2.30167749788645,1,0,1,1,1
1,3,3.19406138722758,-4.71876792508611,1,0,1,2,2
0,7,7.79587756379575,5.46547255424832,0,0,1,2,1
0,3,0.856870864476934,0.0903647080325314,1,0,0,1,2
1,10,3.73397934063873,-7.32016490349006,0,1,1,2,2
0,1,5.45899391270674,-3.9362311301199,1,0,1,1,2
0,9,4.89764944497644,4.67981228934233,1,1,1,2,1
0,5,6.00477145789085,4.55259665016345,0,0,1,3,1
0,7,2.77526081556407,-1.16306327085972,1,0,0,1,2
1,4,3.26240952733262,-3.1498847965792,1,0,1,1,1
0,2,4.19144954286012,-5.9739864917958,1,0,1,1,1
1,9,5.01698645921676,-3.82453408271753,1,0,1,1,2
0,7,7.27680788888531,2.70772293489531,0,1,0,3,1
1,3,1.59705295406102,0.962520716811624,1,1,0,2,1
0,6,5.03379063312341,-2.44658042493634,0,1,0,3,1
0,7,6.10840840823887,3.22752963249334,1,0,1,1,2
1,9,4.98378674565789,-4.51114384215588,1,0,1,2,2
1,7,4.83305982236918,-4.32982287987184,1,0,0,2,2
0,1,4.2973371050051,-8.10013260542136,0,0,1,2,2
1,10,6.99082602755979,6.80086461384491,1,0,1,2,2
1,3,3.79943342798276,-4.5927657032759,1,0,1,1,2
0,10,4.73655961391823,-4.03884354647836,1,0,1,2,1
0,8,5.68686844869008,7.15399219541668,1,1,1,2,1
0,9,3.46578379033997,-3.72422952150285,1,0,1,2,1
1,7,3.63109045793642,-5.3203116094697,1,0,1,1,2
1,5,2.4845104877269,1.93641651607042,1,0,1,1,2
1,3,7.86803016632028,-2.59518070653919,0,1,0,2,2
0,9,6.40697995865122,3.50402789593519,0,1,1,2,1
0,1,2.94506665872668,-4.48467028589108,1,0,1,2,1
1,10,2.92135297039149,0.367921394713715,1,0,0,1,1
0,8,4.7616908126909,5.55118531672733,0,1,0,2,1
0,7,6.38868329278486,1.38080365827375,0,1,1,2,1
1,7,5.04730191612434,4.1212251297291,0,0,1,2,2
0,2,2.24033688869409,2.34797430661401,0,1,0,1,2
1,9,2.58746616133057,2.25803042629009,0,0,1,1,1
1,9,3.25626596314666,-3.08001966649029,1,0,1,3,2
1,10,6.57705171426672,4.30506770957789,0,1,0,2,1
1,3,1.83515365011811,2.26168954575191,1,1,1,3,1
1,8,3.92644631494878,-5.25609288010174,1,0,1,2,1
1,7,5.46917229309495,-3.79715394825591,0,0,1,2,2
0,3,3.45848987222949,1.80753289693114,1,1,0,1,2
0,6,5.10707027358919,-3.14591576601265,0,1,1,2,2
1,8,3.27913034226176,0.219407031232057,1,1,0,3,1
1,10,4.19801575066852,-6.49062315482504,0,1,0,3,2
1,10,2.09811731308393,-0.417487085445415,0,0,1,1,1
1,2,5.47807994348617,-3.92658718102636,0,1,1,1,2
0,5,3.24348573063424,0.62993070014576,0,1,1,1,2
1,2,5.07230484547636,5.12467214258091,0,1,0,2,2
0,2,2.49260707889333,1.10158609141393,0,0,0,2,2
1,2,0.753612394368377,-5.00092304908645,0,1,1,1,2
0,8,2.61387968212218,2.60856519889471,0,1,0,1,1
1,5,4.26102825552125,3.72854001663667,0,1,1,2,2
1,5,6.69422125684502,-4.12281047592251,1,0,1,3,2
1,4,3.5602712494364,-4.9912730259886,1,0,1,2,2
1,10,2.81167282957471,1.85734824994246,1,1,0,3,1
1,5,3.39006766962694,4.32114394610091,1,0,1,2,2
1,7,4.00506478418778,-3.43108345334995,1,0,1,2,1
1,1,3.28758621720084,-4.77044400311475,0,1,0,2,2
0,5,4.58416918120201,-3.0511557794272,1,0,1,1,2
1,3,3.63120198849161,-7.95918453383414,1,0,1,2,2
0,4,0.166139667693465,-1.42939464593189,0,0,1,1,2
0,8,2.6419917502806,0.460553742496426,0,1,1,2,2
0,5,0.836732490731062,-2.17037530521576,1,1,0,1,2
1,7,0.625668973301359,-6.44998166007663,1,0,1,2,1
1,5,4.61394116031826,-5.41735817050273,1,0,1,1,2
0,2,5.41379666583375,3.93298096249029,1,1,1,2,1
0,8,5.21743176383993,-3.40577386328738,0,1,1,2,1
0,8,5.76203661587876,3.10220153258945,1,1,1,1,2
1,4,4.66695257350447,4.92111628924852,0,0,0,3,1
0,4,5.35554392644779,6.07250301431264,1,0,1,3,1
1,10,1.48301359027843,1.29140197042976,0,1,0,3,1
0,1,4.9924687943109,4.42389544857956,1,0,1,2,1
1,5,4.77577833106748,6.69773706499736,0,1,1,2,1
1,8,3.57403900739054,7.08016348109568,0,1,0,2,2
1,10,5.6324275204734,-1.45763727304259,1,0,1,1,2
1,5,4.94088949857734,7.19442887520234,0,1,0,2,2
0,9,1.25636785623803,-3.43270151490325,0,1,0,1,2
1,1,5.52410788478814,-3.48235975346762,1,0,0,2,2
1,4,6.27246784346349,-5.10599914778751,1,0,1,3,2
1,4,4.18349705973778,-4.68333109460163,1,0,1,1,2
0,2,1.95789799038,2.79079556143923,1,1,0,1,2
1,4,3.28228002853661,-5.05306021920625,0,1,0,2,1
1,4,6.1879962097144,-2.52276773764683,1,0,1,2,1
